imageId,target
185029.jpg,1
154445.jpg,1
081551.jpg,1
184097.jpg,0
081330.jpg,1
172158.jpg,0
106167.jpg,0
139126.jpg,1
170432.jpg,1
063679.jpg,1
033651.jpg,0
167265.jpg,0
096347.jpg,0
042038.jpg,0
081808.jpg,0
063644.jpg,0
201052.jpg,0
106127.jpg,1
123300.jpg,1
116484.jpg,1
067885.jpg,0
072368.jpg,0
090658.jpg,0
005799.jpg,1
013419.jpg,0
148749.jpg,0
022775.jpg,0
164898.jpg,1
000201.jpg,0
140938.jpg,1
031016.jpg,0
102935.jpg,0
065823.jpg,1
122169.jpg,0
062557.jpg,0
129067.jpg,0
067227.jpg,1
037686.jpg,0
003976.jpg,0
054973.jpg,0
175241.jpg,0
097268.jpg,0
080842.jpg,1
067072.jpg,1
130987.jpg,1
098718.jpg,1
066118.jpg,0
195769.jpg,1
127519.jpg,1
156920.jpg,0
095426.jpg,0
107624.jpg,0
065947.jpg,1
140422.jpg,1
042309.jpg,0
037274.jpg,0
106478.jpg,0
174790.jpg,1
090164.jpg,0
140798.jpg,1
198608.jpg,0
038228.jpg,0
004205.jpg,0
039267.jpg,1
197811.jpg,0
154717.jpg,0
111600.jpg,0
053297.jpg,1
021462.jpg,1
001708.jpg,0
116204.jpg,1
049353.jpg,0
025588.jpg,0
148323.jpg,0
111086.jpg,0
143723.jpg,0
002527.jpg,0
202340.jpg,0
059107.jpg,1
009238.jpg,0
158358.jpg,0
086516.jpg,0
194021.jpg,0
042134.jpg,0
049986.jpg,0
177420.jpg,0
017512.jpg,1
069922.jpg,1
179725.jpg,0
143593.jpg,0
187288.jpg,0
180273.jpg,0
159581.jpg,0
028038.jpg,0
034284.jpg,1
043564.jpg,0
059911.jpg,1
199142.jpg,0
051027.jpg,1
157242.jpg,0
175537.jpg,0
117842.jpg,0
062836.jpg,0
181999.jpg,0
100554.jpg,0
106643.jpg,1
149675.jpg,0
161847.jpg,0
137241.jpg,0
129568.jpg,1
153475.jpg,1
170667.jpg,1
194271.jpg,0
196213.jpg,0
063522.jpg,0
094003.jpg,0
170130.jpg,0
077712.jpg,0
082443.jpg,0
010475.jpg,1
178038.jpg,1
029967.jpg,1
131566.jpg,0
055990.jpg,1
150589.jpg,1
192873.jpg,0
149445.jpg,0
024582.jpg,1
103457.jpg,1
102747.jpg,0
076178.jpg,0
167437.jpg,1
185206.jpg,0
062184.jpg,1
111430.jpg,0
168221.jpg,0
005851.jpg,1
004779.jpg,0
086473.jpg,0
067452.jpg,1
137860.jpg,0
076385.jpg,1
109505.jpg,0
126409.jpg,0
022144.jpg,1
021798.jpg,0
044672.jpg,0
036943.jpg,1
128123.jpg,0
111457.jpg,1
161951.jpg,1
004178.jpg,0
190221.jpg,0
194803.jpg,0
013077.jpg,1
046845.jpg,1
091354.jpg,1
011326.jpg,0
140723.jpg,0
030379.jpg,0
056102.jpg,0
055285.jpg,0
068032.jpg,1
080614.jpg,1
081706.jpg,0
039870.jpg,1
076160.jpg,1
050076.jpg,1
114417.jpg,0
040937.jpg,1
176695.jpg,0
094352.jpg,0
164683.jpg,1
014403.jpg,1
081187.jpg,0
086532.jpg,1
124603.jpg,0
049294.jpg,1
012046.jpg,1
080775.jpg,1
151620.jpg,1
143743.jpg,0
152728.jpg,0
093185.jpg,1
063663.jpg,0
173321.jpg,1
124022.jpg,1
022243.jpg,0
182280.jpg,0
088300.jpg,1
092551.jpg,1
055804.jpg,0
190649.jpg,1
036589.jpg,0
132706.jpg,0
137245.jpg,1
184566.jpg,0
114444.jpg,0
014711.jpg,0
100216.jpg,0
029409.jpg,0
120244.jpg,0
183050.jpg,0
103510.jpg,1
069328.jpg,0
125670.jpg,0
034681.jpg,0
194369.jpg,0
181112.jpg,0
015455.jpg,0
116187.jpg,0
055999.jpg,0
038606.jpg,0
086201.jpg,0
085983.jpg,0
131874.jpg,0
023788.jpg,0
132189.jpg,0
132701.jpg,0
121762.jpg,1
034063.jpg,0
133695.jpg,0
172334.jpg,0
075672.jpg,0
130951.jpg,0
150688.jpg,0
071305.jpg,1
029736.jpg,1
142664.jpg,1
159454.jpg,1
072443.jpg,1
111771.jpg,0
030561.jpg,1
167937.jpg,1
152900.jpg,0
141672.jpg,0
182717.jpg,1
056682.jpg,0
072976.jpg,0
047545.jpg,1
124838.jpg,1
014098.jpg,0
095920.jpg,1
061419.jpg,1
175588.jpg,0
158756.jpg,1
128158.jpg,1
026590.jpg,0
024846.jpg,0
052226.jpg,0
069813.jpg,0
139020.jpg,0
011662.jpg,1
105986.jpg,0
123487.jpg,0
198910.jpg,1
191536.jpg,1
041437.jpg,1
108425.jpg,1
090403.jpg,1
133459.jpg,0
001921.jpg,0
076827.jpg,0
179296.jpg,0
177301.jpg,0
181505.jpg,1
155458.jpg,0
157994.jpg,1
075504.jpg,0
156685.jpg,0
099517.jpg,1
033196.jpg,0
068500.jpg,0
122908.jpg,1
159226.jpg,1
016823.jpg,1
021102.jpg,0
145776.jpg,1
162341.jpg,0
150542.jpg,1
186394.jpg,0
007723.jpg,0
135841.jpg,1
062909.jpg,0
163496.jpg,0
081444.jpg,0
108989.jpg,0
189490.jpg,0
002525.jpg,0
155200.jpg,1
185209.jpg,0
082160.jpg,0
027672.jpg,0
086061.jpg,0
179475.jpg,0
149272.jpg,0
178695.jpg,0
047719.jpg,0
100432.jpg,0
025139.jpg,1
098236.jpg,0
201067.jpg,0
057844.jpg,0
153331.jpg,0
178736.jpg,0
008438.jpg,0
066409.jpg,1
192648.jpg,0
190249.jpg,1
042927.jpg,0
113282.jpg,1
173183.jpg,0
109877.jpg,1
072641.jpg,0
083069.jpg,1
000352.jpg,1
090751.jpg,1
028494.jpg,1
196661.jpg,1
152460.jpg,0
050037.jpg,0
155434.jpg,1
080848.jpg,1
057422.jpg,0
034757.jpg,1
057187.jpg,1
019268.jpg,1
130131.jpg,1
202320.jpg,0
050473.jpg,1
172394.jpg,0
055203.jpg,0
135503.jpg,1
174512.jpg,0
187874.jpg,1
004762.jpg,1
136281.jpg,0
197635.jpg,0
030922.jpg,0
101708.jpg,0
192699.jpg,1
120607.jpg,0
175711.jpg,0
177613.jpg,1
097357.jpg,0
116002.jpg,1
031020.jpg,0
133439.jpg,1
094864.jpg,0
132759.jpg,0
044134.jpg,1
014938.jpg,1
122602.jpg,1
052719.jpg,1
046123.jpg,0
172716.jpg,1
029670.jpg,0
182707.jpg,0
134806.jpg,0
069579.jpg,0
111235.jpg,0
111420.jpg,1
095534.jpg,1
026391.jpg,0
126728.jpg,0
067429.jpg,1
194894.jpg,0
176870.jpg,0
149303.jpg,0
071123.jpg,1
018536.jpg,0
002808.jpg,0
161263.jpg,1
154249.jpg,0
155849.jpg,0
013839.jpg,0
198698.jpg,1
173453.jpg,1
079646.jpg,0
071093.jpg,0
039876.jpg,1
023736.jpg,1
171522.jpg,1
001401.jpg,1
177395.jpg,0
090613.jpg,0
006107.jpg,0
094946.jpg,0
170685.jpg,0
085613.jpg,0
152516.jpg,0
068871.jpg,0
019157.jpg,0
192734.jpg,0
164514.jpg,1
151465.jpg,0
052752.jpg,1
054469.jpg,1
185891.jpg,0
194929.jpg,0
072303.jpg,0
014950.jpg,0
178051.jpg,1
133948.jpg,0
032867.jpg,0
021521.jpg,1
190231.jpg,0
017366.jpg,1
131911.jpg,0
149705.jpg,1
096467.jpg,0
072437.jpg,1
145309.jpg,0
182720.jpg,1
029623.jpg,1
169476.jpg,0
064489.jpg,0
053309.jpg,1
148304.jpg,0
170665.jpg,0
121203.jpg,0
101221.jpg,1
097872.jpg,0
120543.jpg,1
154299.jpg,0
026267.jpg,0
184032.jpg,1
182616.jpg,1
021029.jpg,1
200725.jpg,0
129622.jpg,1
167674.jpg,1
144075.jpg,1
189513.jpg,1
158335.jpg,0
118361.jpg,0
121950.jpg,1
096134.jpg,0
005558.jpg,0
084857.jpg,0
087193.jpg,0
045873.jpg,1
164384.jpg,0
059483.jpg,0
102867.jpg,0
123400.jpg,0
144352.jpg,1
058934.jpg,1
115023.jpg,1
201861.jpg,0
074822.jpg,1
046979.jpg,1
186305.jpg,0
128219.jpg,0
109509.jpg,0
142891.jpg,0
119192.jpg,0
105160.jpg,0
139006.jpg,0
162191.jpg,0
180485.jpg,0
061748.jpg,0
128399.jpg,1
013529.jpg,1
006020.jpg,0
183217.jpg,0
116326.jpg,1
042238.jpg,1
079182.jpg,1
075414.jpg,0
176230.jpg,1
087490.jpg,1
064989.jpg,0
194029.jpg,1
056385.jpg,0
072388.jpg,0
000198.jpg,0
134275.jpg,1
190400.jpg,1
042410.jpg,1
201245.jpg,0
117046.jpg,0
186046.jpg,0
176926.jpg,1
188125.jpg,1
084999.jpg,1
039075.jpg,0
010530.jpg,0
069424.jpg,0
091219.jpg,0
200160.jpg,0
077136.jpg,0
169623.jpg,1
191453.jpg,1
107369.jpg,0
066389.jpg,0
041858.jpg,0
157680.jpg,0
070021.jpg,0
076116.jpg,0
174942.jpg,0
163120.jpg,0
171167.jpg,1
077499.jpg,1
055130.jpg,1
056710.jpg,0
107217.jpg,1
039374.jpg,1
032794.jpg,0
130261.jpg,0
134077.jpg,0
194261.jpg,0
182601.jpg,1
041050.jpg,1
143759.jpg,1
009722.jpg,0
031292.jpg,1
018263.jpg,1
045930.jpg,0
166198.jpg,1
031335.jpg,1
160075.jpg,1
027238.jpg,0
027994.jpg,0
080893.jpg,0
011981.jpg,0
069071.jpg,0
199989.jpg,1
199975.jpg,1
061689.jpg,0
031605.jpg,0
185760.jpg,0
058585.jpg,0
143574.jpg,1
072139.jpg,1
141662.jpg,1
040335.jpg,0
128802.jpg,0
038770.jpg,1
119055.jpg,1
165009.jpg,1
093122.jpg,0
007137.jpg,0
144550.jpg,0
091505.jpg,0
042861.jpg,1
047700.jpg,0
159412.jpg,0
112465.jpg,1
072607.jpg,1
140132.jpg,0
049525.jpg,0
149502.jpg,0
145334.jpg,1
090328.jpg,1
194166.jpg,1
067157.jpg,1
090146.jpg,0
061162.jpg,0
187206.jpg,0
033348.jpg,0
188225.jpg,1
110574.jpg,0
057654.jpg,0
065432.jpg,0
115691.jpg,0
059089.jpg,1
017738.jpg,0
135634.jpg,1
169152.jpg,0
053074.jpg,1
066130.jpg,0
201392.jpg,1
081460.jpg,0
155616.jpg,1
042700.jpg,0
055002.jpg,1
045011.jpg,1
151053.jpg,0
081846.jpg,0
043398.jpg,0
198029.jpg,0
171056.jpg,0
002202.jpg,0
028972.jpg,0
131410.jpg,0
060613.jpg,0
139635.jpg,0
109721.jpg,0
110900.jpg,1
145851.jpg,0
031139.jpg,1
166021.jpg,1
072921.jpg,1
130108.jpg,0
005308.jpg,0
038208.jpg,0
177561.jpg,0
017157.jpg,1
066337.jpg,0
100079.jpg,0
115235.jpg,0
176728.jpg,0
078699.jpg,0
004728.jpg,1
173660.jpg,1
194650.jpg,0
054880.jpg,0
107536.jpg,1
081606.jpg,0
173215.jpg,1
195518.jpg,1
137499.jpg,0
120990.jpg,0
149198.jpg,0
180847.jpg,0
170856.jpg,0
073023.jpg,1
090418.jpg,1
114141.jpg,1
027002.jpg,1
014279.jpg,1
099826.jpg,0
000414.jpg,1
147457.jpg,1
113892.jpg,0
056210.jpg,1
024391.jpg,0
164884.jpg,0
138156.jpg,0
089241.jpg,1
009593.jpg,1
106880.jpg,0
112086.jpg,0
065689.jpg,0
032200.jpg,1
144249.jpg,1
150631.jpg,1
109263.jpg,1
104944.jpg,1
095480.jpg,0
184375.jpg,1
147184.jpg,0
139728.jpg,0
157119.jpg,1
067601.jpg,0
050791.jpg,1
119678.jpg,0
028290.jpg,1
175092.jpg,1
185577.jpg,0
146516.jpg,1
112357.jpg,0
080024.jpg,0
139978.jpg,1
037061.jpg,1
000771.jpg,1
005608.jpg,1
168765.jpg,0
031272.jpg,1
132256.jpg,1
106620.jpg,0
017191.jpg,1
054627.jpg,1
182046.jpg,0
006596.jpg,0
152479.jpg,1
070163.jpg,0
003477.jpg,1
052977.jpg,0
054878.jpg,1
077111.jpg,1
032356.jpg,0
049428.jpg,0
008968.jpg,0
028889.jpg,0
161265.jpg,0
042028.jpg,1
093346.jpg,1
139339.jpg,1
024952.jpg,0
153060.jpg,1
092403.jpg,0
010102.jpg,1
027043.jpg,1
034741.jpg,1
082121.jpg,1
158334.jpg,1
029163.jpg,0
100163.jpg,0
018730.jpg,0
005458.jpg,0
047854.jpg,1
198322.jpg,0
185249.jpg,0
045538.jpg,1
196846.jpg,0
020708.jpg,0
073831.jpg,0
069524.jpg,0
165808.jpg,1
096669.jpg,0
159126.jpg,0
090009.jpg,0
042013.jpg,1
195649.jpg,0
116263.jpg,0
079471.jpg,0
083619.jpg,0
075148.jpg,1
019721.jpg,0
016177.jpg,0
101345.jpg,0
151362.jpg,0
199026.jpg,0
117118.jpg,1
065135.jpg,0
150908.jpg,0
069247.jpg,1
026572.jpg,1
198323.jpg,0
039537.jpg,0
074173.jpg,1
167111.jpg,0
200703.jpg,0
132702.jpg,1
179377.jpg,1
001894.jpg,0
000525.jpg,0
074149.jpg,1
095378.jpg,1
198880.jpg,1
059775.jpg,1
027277.jpg,1
192249.jpg,0
200170.jpg,0
091184.jpg,0
125904.jpg,1
011816.jpg,1
191806.jpg,0
099801.jpg,1
175928.jpg,0
120507.jpg,1
027993.jpg,0
003026.jpg,0
044892.jpg,0
137197.jpg,0
028612.jpg,0
101763.jpg,0
186245.jpg,0
120004.jpg,0
187233.jpg,1
034520.jpg,0
013085.jpg,0
155920.jpg,0
114674.jpg,0
030223.jpg,1
083400.jpg,1
169018.jpg,0
139366.jpg,1
026898.jpg,1
129371.jpg,0
157137.jpg,0
037043.jpg,0
201233.jpg,0
085896.jpg,0
075565.jpg,0
155182.jpg,1
081132.jpg,1
001800.jpg,1
113916.jpg,0
082685.jpg,0
131787.jpg,1
061520.jpg,0
152701.jpg,0
144763.jpg,0
164324.jpg,0
142223.jpg,1
201729.jpg,0
066290.jpg,1
045745.jpg,1
024844.jpg,0
006184.jpg,0
083087.jpg,0
165406.jpg,0
097853.jpg,0
037476.jpg,0
173653.jpg,1
009613.jpg,0
001637.jpg,0
057465.jpg,1
169268.jpg,0
018061.jpg,0
183111.jpg,0
172640.jpg,0
107346.jpg,0
131148.jpg,0
075004.jpg,0
128937.jpg,1
101851.jpg,0
077738.jpg,1
007572.jpg,1
021481.jpg,0
102645.jpg,1
032102.jpg,0
162274.jpg,1
126265.jpg,1
163792.jpg,0
069393.jpg,0
004026.jpg,0
141418.jpg,1
152080.jpg,1
025080.jpg,0
131218.jpg,1
199946.jpg,0
074373.jpg,1
026299.jpg,1
093469.jpg,0
114866.jpg,1
071385.jpg,1
095887.jpg,0
021948.jpg,1
055153.jpg,0
195084.jpg,1
079758.jpg,0
051961.jpg,0
197519.jpg,1
079246.jpg,1
005406.jpg,0
017645.jpg,0
038009.jpg,0
088527.jpg,0
060774.jpg,0
194047.jpg,0
017154.jpg,1
189056.jpg,0
082186.jpg,0
121055.jpg,1
059518.jpg,0
002456.jpg,1
041626.jpg,0
027481.jpg,0
167921.jpg,1
098990.jpg,1
142792.jpg,1
125404.jpg,0
097471.jpg,1
047406.jpg,0
035810.jpg,0
070430.jpg,0
136581.jpg,0
078519.jpg,1
156997.jpg,1
026630.jpg,1
185326.jpg,0
012354.jpg,0
093928.jpg,0
033580.jpg,0
137579.jpg,1
199869.jpg,0
152566.jpg,1
144688.jpg,0
100190.jpg,0
040755.jpg,1
054747.jpg,1
063655.jpg,1
052116.jpg,1
084105.jpg,0
075291.jpg,1
133062.jpg,0
064011.jpg,1
004599.jpg,1
027468.jpg,1
158636.jpg,0
190035.jpg,1
007119.jpg,1
083462.jpg,0
012365.jpg,1
012653.jpg,0
098992.jpg,0
134970.jpg,1
131068.jpg,1
142296.jpg,0
128130.jpg,0
069102.jpg,0
157333.jpg,1
080385.jpg,1
070420.jpg,1
058121.jpg,1
148458.jpg,0
176201.jpg,0
121822.jpg,1
171287.jpg,0
038577.jpg,0
060543.jpg,1
198770.jpg,0
195102.jpg,1
065387.jpg,1
102367.jpg,0
132075.jpg,0
167592.jpg,0
023137.jpg,1
008708.jpg,0
119693.jpg,0
041676.jpg,0
007450.jpg,1
037398.jpg,1
081758.jpg,0
201604.jpg,1
016124.jpg,0
067010.jpg,0
086508.jpg,0
033448.jpg,0
149605.jpg,0
039140.jpg,0
064271.jpg,1
086814.jpg,0
144223.jpg,1
137085.jpg,0
044271.jpg,0
039905.jpg,0
190396.jpg,0
194587.jpg,0
057431.jpg,0
154289.jpg,0
040054.jpg,1
162837.jpg,0
014306.jpg,0
164299.jpg,0
077181.jpg,0
124365.jpg,0
025808.jpg,0
061307.jpg,1
074516.jpg,0
135817.jpg,1
164953.jpg,1
031792.jpg,0
147715.jpg,1
169511.jpg,0
040618.jpg,0
076793.jpg,1
108624.jpg,0
139747.jpg,1
036907.jpg,1
022264.jpg,1
149948.jpg,1
129585.jpg,0
088225.jpg,0
120718.jpg,0
038111.jpg,1
172622.jpg,0
028730.jpg,1
001509.jpg,0
197113.jpg,1
039552.jpg,0
083326.jpg,0
174542.jpg,1
201431.jpg,1
024125.jpg,0
188508.jpg,1
002450.jpg,0
047315.jpg,0
039520.jpg,0
031729.jpg,0
024791.jpg,1
201327.jpg,0
030013.jpg,0
109677.jpg,1
041622.jpg,1
126270.jpg,0
133455.jpg,1
060621.jpg,0
166718.jpg,0
102821.jpg,1
043308.jpg,0
172795.jpg,1
058102.jpg,1
006490.jpg,1
088238.jpg,0
157063.jpg,0
144180.jpg,1
044839.jpg,0
077745.jpg,0
113570.jpg,0
073827.jpg,0
187928.jpg,0
133066.jpg,1
057354.jpg,0
099564.jpg,0
053583.jpg,0
112381.jpg,0
058577.jpg,0
122512.jpg,0
038428.jpg,1
101642.jpg,0
044760.jpg,0
036679.jpg,1
178143.jpg,1
047346.jpg,0
120795.jpg,1
127411.jpg,0
043647.jpg,0
026592.jpg,0
154505.jpg,0
084588.jpg,0
142015.jpg,0
000989.jpg,0
050386.jpg,0
014139.jpg,1
140446.jpg,0
186239.jpg,0
145034.jpg,0
054217.jpg,0
141123.jpg,1
063288.jpg,1
148972.jpg,0
133149.jpg,0
043592.jpg,0
144893.jpg,1
028520.jpg,1
171041.jpg,1
118052.jpg,0
124210.jpg,1
162448.jpg,0
068073.jpg,1
194215.jpg,0
019677.jpg,0
009979.jpg,1
059800.jpg,1
066528.jpg,0
170319.jpg,0
012764.jpg,0
019959.jpg,0
110770.jpg,1
134016.jpg,1
137378.jpg,0
008899.jpg,0
115389.jpg,0
098574.jpg,0
120646.jpg,1
005256.jpg,0
150267.jpg,0
066016.jpg,1
074663.jpg,1
075425.jpg,0
001665.jpg,0
120599.jpg,1
138213.jpg,0
122747.jpg,1
042728.jpg,0
077057.jpg,0
046491.jpg,0
143970.jpg,0
169278.jpg,0
180037.jpg,0
153808.jpg,0
133945.jpg,0
201758.jpg,0
147307.jpg,0
100122.jpg,1
154110.jpg,1
123622.jpg,0
133990.jpg,0
139457.jpg,1
067626.jpg,0
142237.jpg,1
035377.jpg,1
169139.jpg,0
087807.jpg,0
016406.jpg,1
076260.jpg,1
155940.jpg,1
059280.jpg,0
173789.jpg,1
099496.jpg,1
009287.jpg,0
160302.jpg,1
004757.jpg,0
170283.jpg,0
030048.jpg,1
147405.jpg,1
162904.jpg,1
178896.jpg,0
128925.jpg,1
143203.jpg,1
063669.jpg,0
132389.jpg,0
063081.jpg,0
108387.jpg,0
086189.jpg,1
155107.jpg,1
127962.jpg,0
044920.jpg,1
172776.jpg,1
142967.jpg,1
158021.jpg,0
056851.jpg,0
196018.jpg,1
157799.jpg,1
169330.jpg,0
130568.jpg,0
167509.jpg,0
061233.jpg,0
057203.jpg,0
098745.jpg,0
024706.jpg,1
173290.jpg,0
064949.jpg,0
065140.jpg,1
165371.jpg,0
036824.jpg,0
173498.jpg,0
199087.jpg,1
052438.jpg,1
118206.jpg,1
066404.jpg,0
175732.jpg,1
003632.jpg,0
117668.jpg,0
021190.jpg,0
181288.jpg,0
186180.jpg,1
029738.jpg,0
096168.jpg,0
196272.jpg,1
153014.jpg,1
030819.jpg,0
073913.jpg,1
083706.jpg,0
133335.jpg,1
103754.jpg,0
109596.jpg,0
140687.jpg,1
166991.jpg,1
055124.jpg,0
161677.jpg,0
136758.jpg,0
188672.jpg,1
103792.jpg,0
009391.jpg,0
108073.jpg,0
014368.jpg,0
081310.jpg,0
060704.jpg,1
050628.jpg,1
142445.jpg,0
023673.jpg,1
194890.jpg,0
147680.jpg,0
147954.jpg,0
081605.jpg,1
061642.jpg,1
091620.jpg,1
091616.jpg,1
079328.jpg,0
028740.jpg,1
042579.jpg,1
199409.jpg,0
100232.jpg,1
123776.jpg,1
046344.jpg,1
165022.jpg,1
176531.jpg,1
080117.jpg,1
151442.jpg,0
156408.jpg,0
196044.jpg,0
121309.jpg,1
015245.jpg,1
126266.jpg,1
191417.jpg,1
047977.jpg,0
003928.jpg,1
147877.jpg,0
148515.jpg,0
111493.jpg,1
004726.jpg,0
127541.jpg,0
087103.jpg,0
090583.jpg,1
007291.jpg,0
167799.jpg,0
030087.jpg,0
072464.jpg,0
140649.jpg,0
169876.jpg,0
013953.jpg,0
157788.jpg,1
129630.jpg,1
153229.jpg,0
040504.jpg,1
025126.jpg,1
176052.jpg,0
183500.jpg,0
036415.jpg,0
081996.jpg,0
184206.jpg,1
137596.jpg,1
091578.jpg,0
201253.jpg,0
111690.jpg,0
060602.jpg,0
059629.jpg,1
057068.jpg,0
018035.jpg,0
056429.jpg,0
151517.jpg,0
056890.jpg,1
077817.jpg,0
161590.jpg,0
183495.jpg,0
152004.jpg,0
037961.jpg,1
010941.jpg,1
122488.jpg,1
073063.jpg,0
092804.jpg,1
018103.jpg,1
021264.jpg,1
098446.jpg,0
002389.jpg,1
132133.jpg,1
062477.jpg,0
110815.jpg,1
180630.jpg,1
054197.jpg,0
160624.jpg,0
141862.jpg,1
069683.jpg,1
068280.jpg,0
079514.jpg,0
063278.jpg,1
101606.jpg,0
000798.jpg,1
044380.jpg,1
174909.jpg,1
161499.jpg,0
061343.jpg,1
141794.jpg,1
179923.jpg,0
041412.jpg,1
173678.jpg,0
152658.jpg,1
037224.jpg,1
059241.jpg,0
111902.jpg,0
111408.jpg,1
057853.jpg,0
137557.jpg,1
006801.jpg,0
192968.jpg,0
189934.jpg,1
012055.jpg,1
070203.jpg,0
011252.jpg,1
169690.jpg,1
155025.jpg,1
082676.jpg,0
190027.jpg,1
173295.jpg,0
017018.jpg,0
116105.jpg,0
022448.jpg,0
031715.jpg,1
166224.jpg,0
118123.jpg,1
022019.jpg,0
060623.jpg,1
175298.jpg,1
137909.jpg,0
115505.jpg,0
007725.jpg,0
117225.jpg,1
180921.jpg,0
156141.jpg,1
163766.jpg,1
154616.jpg,0
001242.jpg,1
004422.jpg,1
106629.jpg,1
075390.jpg,0
174054.jpg,0
069109.jpg,0
146985.jpg,0
195835.jpg,0
052411.jpg,0
171790.jpg,1
011946.jpg,1
010130.jpg,1
144164.jpg,0
026985.jpg,0
167570.jpg,0
122039.jpg,1
032179.jpg,0
036300.jpg,0
118434.jpg,0
051208.jpg,1
103504.jpg,1
028126.jpg,1
042330.jpg,0
000474.jpg,1
032036.jpg,0
195019.jpg,0
028665.jpg,1
087197.jpg,0
019484.jpg,0
140366.jpg,0
127971.jpg,0
127965.jpg,0
175978.jpg,1
165880.jpg,0
022960.jpg,1
117227.jpg,0
162122.jpg,0
183786.jpg,0
003103.jpg,1
146099.jpg,0
108405.jpg,1
136187.jpg,0
179566.jpg,0
024030.jpg,0
199884.jpg,0
043125.jpg,0
127572.jpg,1
073111.jpg,0
080741.jpg,1
148327.jpg,0
187343.jpg,1
019426.jpg,1
173957.jpg,0
085390.jpg,0
062003.jpg,1
092023.jpg,1
068867.jpg,0
022369.jpg,1
062950.jpg,0
172210.jpg,0
128175.jpg,0
050182.jpg,1
119051.jpg,1
097815.jpg,0
122822.jpg,1
108367.jpg,0
202357.jpg,0
138598.jpg,0
177128.jpg,0
040978.jpg,0
190167.jpg,0
046782.jpg,1
036521.jpg,1
000545.jpg,1
059454.jpg,0
136534.jpg,1
075453.jpg,0
126716.jpg,0
085927.jpg,1
195141.jpg,0
149669.jpg,0
193930.jpg,0
195346.jpg,0
174797.jpg,0
063523.jpg,0
061687.jpg,0
116270.jpg,0
015799.jpg,0
034817.jpg,0
150683.jpg,0
037461.jpg,1
109310.jpg,0
125768.jpg,0
035380.jpg,0
150519.jpg,0
056155.jpg,1
002362.jpg,0
037874.jpg,1
149603.jpg,1
129671.jpg,0
195513.jpg,1
138576.jpg,1
118661.jpg,0
139338.jpg,1
113816.jpg,0
038200.jpg,1
063403.jpg,1
202347.jpg,0
127721.jpg,0
097966.jpg,1
132087.jpg,1
187467.jpg,0
138209.jpg,1
084026.jpg,0
020254.jpg,0
163725.jpg,0
186298.jpg,1
037638.jpg,1
172198.jpg,0
006102.jpg,1
131426.jpg,1
096404.jpg,1
007644.jpg,1
046556.jpg,1
157875.jpg,1
037143.jpg,0
115768.jpg,1
194662.jpg,1
084882.jpg,1
127180.jpg,0
085474.jpg,0
165541.jpg,1
176803.jpg,0
067656.jpg,1
013041.jpg,0
152786.jpg,0
180761.jpg,0
076634.jpg,0
099764.jpg,0
099367.jpg,0
091358.jpg,1
106200.jpg,0
147637.jpg,1
022156.jpg,0
019082.jpg,1
047845.jpg,1
167217.jpg,0
010925.jpg,1
152692.jpg,1
008151.jpg,0
134691.jpg,0
173279.jpg,1
130855.jpg,1
111428.jpg,0
126502.jpg,0
134986.jpg,0
092548.jpg,0
012886.jpg,0
004584.jpg,0
125871.jpg,1
082884.jpg,0
100114.jpg,0
037371.jpg,0
145875.jpg,0
144229.jpg,0
044908.jpg,0
052692.jpg,1
058421.jpg,1
126098.jpg,1
137871.jpg,1
196888.jpg,1
087165.jpg,1
042681.jpg,1
185754.jpg,1
087603.jpg,0
109411.jpg,1
072719.jpg,0
153310.jpg,1
169973.jpg,1
201865.jpg,0
120252.jpg,0
064183.jpg,1
047929.jpg,1
039594.jpg,0
047579.jpg,1
021165.jpg,0
113211.jpg,0
200687.jpg,1
128631.jpg,1
154107.jpg,0
080337.jpg,0
139881.jpg,1
023728.jpg,0
000858.jpg,1
072731.jpg,0
116548.jpg,1
170789.jpg,1
153504.jpg,0
193560.jpg,0
021962.jpg,0
091707.jpg,0
006947.jpg,1
166510.jpg,1
079805.jpg,1
044256.jpg,0
142502.jpg,0
025877.jpg,1
140166.jpg,1
181056.jpg,1
078028.jpg,0
113580.jpg,0
065379.jpg,1
191283.jpg,1
150974.jpg,1
068084.jpg,1
102106.jpg,0
077401.jpg,0
181758.jpg,0
138897.jpg,0
196207.jpg,0
185648.jpg,0
190944.jpg,1
060954.jpg,0
098757.jpg,1
082230.jpg,1
104417.jpg,0
070227.jpg,0
122681.jpg,0
129107.jpg,0
112242.jpg,1
075144.jpg,0
075229.jpg,0
028284.jpg,0
152577.jpg,1
126577.jpg,0
021728.jpg,0
003683.jpg,1
104792.jpg,0
096011.jpg,1
089961.jpg,0
018428.jpg,0
088672.jpg,1
176484.jpg,1
100679.jpg,0
150075.jpg,0
168528.jpg,0
192978.jpg,0
201915.jpg,0
147530.jpg,1
104576.jpg,1
129208.jpg,0
064966.jpg,1
181622.jpg,1
170207.jpg,0
174659.jpg,0
042273.jpg,0
143624.jpg,0
083581.jpg,0
001782.jpg,1
041252.jpg,0
105828.jpg,0
072653.jpg,1
159609.jpg,1
086739.jpg,0
200133.jpg,0
032575.jpg,1
128637.jpg,0
191451.jpg,0
030830.jpg,1
073655.jpg,0
120322.jpg,1
010509.jpg,0
150507.jpg,0
145547.jpg,0
163751.jpg,0
109182.jpg,0
171110.jpg,0
007588.jpg,0
138369.jpg,0
062807.jpg,0
046127.jpg,1
022697.jpg,0
172924.jpg,0
179991.jpg,1
025676.jpg,1
186989.jpg,1
142262.jpg,0
144548.jpg,0
059610.jpg,0
021920.jpg,1
154579.jpg,1
196314.jpg,0
077485.jpg,0
190255.jpg,1
155300.jpg,0
176759.jpg,1
134889.jpg,0
031417.jpg,0
074285.jpg,0
109897.jpg,1
022764.jpg,1
133469.jpg,0
124279.jpg,0
122192.jpg,0
036799.jpg,1
156765.jpg,0
049379.jpg,0
113022.jpg,1
093213.jpg,1
024596.jpg,0
096853.jpg,0
055348.jpg,0
200803.jpg,1
095178.jpg,0
119611.jpg,0
196023.jpg,1
139893.jpg,0
020470.jpg,1
139623.jpg,0
111927.jpg,0
070893.jpg,0
163955.jpg,0
060115.jpg,0
141323.jpg,1
022079.jpg,0
032626.jpg,0
087992.jpg,0
025343.jpg,1
193340.jpg,1
035353.jpg,0
088965.jpg,1
019504.jpg,1
113104.jpg,0
095725.jpg,1
084268.jpg,1
091177.jpg,1
122315.jpg,1
145448.jpg,0
112347.jpg,1
074065.jpg,1
200376.jpg,0
179196.jpg,0
019874.jpg,0
099877.jpg,0
109744.jpg,1
148007.jpg,0
134535.jpg,1
028872.jpg,0
188198.jpg,0
029649.jpg,0
200955.jpg,1
062795.jpg,1
014731.jpg,1
056607.jpg,0
143255.jpg,1
180986.jpg,1
077973.jpg,0
006764.jpg,0
096178.jpg,1
118778.jpg,1
151152.jpg,1
112180.jpg,1
166103.jpg,0
092239.jpg,0
153401.jpg,1
023524.jpg,0
112620.jpg,1
025373.jpg,0
152691.jpg,0
090007.jpg,1
182007.jpg,1
045958.jpg,1
102865.jpg,1
190666.jpg,0
002747.jpg,1
047989.jpg,1
086978.jpg,0
015874.jpg,1
141161.jpg,1
039213.jpg,0
127870.jpg,0
031518.jpg,0
123178.jpg,0
034083.jpg,1
198884.jpg,1
188451.jpg,0
103564.jpg,0
068523.jpg,1
139932.jpg,0
168772.jpg,1
002310.jpg,1
128797.jpg,1
002427.jpg,0
070025.jpg,1
158285.jpg,0
053216.jpg,1
119816.jpg,0
064550.jpg,0
002834.jpg,0
025813.jpg,0
161450.jpg,0
201989.jpg,0
133422.jpg,1
011529.jpg,1
143433.jpg,1
030463.jpg,0
198095.jpg,0
169986.jpg,0
172965.jpg,0
040454.jpg,1
144215.jpg,1
194677.jpg,1
093459.jpg,0
142819.jpg,0
098097.jpg,1
139521.jpg,1
162189.jpg,0
197929.jpg,1
084201.jpg,0
016759.jpg,1
018636.jpg,0
048309.jpg,0
054180.jpg,0
098046.jpg,0
106800.jpg,0
093176.jpg,0
011514.jpg,1
005822.jpg,0
002903.jpg,0
111449.jpg,1
178943.jpg,0
096749.jpg,0
034371.jpg,0
009782.jpg,0
122166.jpg,1
047100.jpg,0
060532.jpg,1
006713.jpg,1
192204.jpg,0
108799.jpg,1
122279.jpg,1
201541.jpg,0
000409.jpg,1
023035.jpg,1
062745.jpg,0
188356.jpg,0
067425.jpg,0
093260.jpg,0
102634.jpg,0
188793.jpg,0
128021.jpg,1
124904.jpg,0
014682.jpg,0
015481.jpg,0
123284.jpg,1
080077.jpg,1
038681.jpg,0
145987.jpg,1
116832.jpg,1
197277.jpg,1
004311.jpg,0
072032.jpg,1
021675.jpg,1
192302.jpg,1
039418.jpg,0
166053.jpg,0
066059.jpg,0
050322.jpg,0
062779.jpg,0
048867.jpg,1
135557.jpg,1
038856.jpg,0
091368.jpg,0
128809.jpg,1
098428.jpg,0
149304.jpg,0
145133.jpg,0
077823.jpg,0
188817.jpg,0
030700.jpg,0
195296.jpg,0
156669.jpg,0
120847.jpg,0
065955.jpg,1
021228.jpg,0
117742.jpg,0
181279.jpg,1
009920.jpg,0
121788.jpg,1
132574.jpg,0
044070.jpg,0
071335.jpg,1
089315.jpg,0
134457.jpg,0
100846.jpg,0
068421.jpg,0
067477.jpg,0
096974.jpg,0
174354.jpg,1
039801.jpg,0
149915.jpg,1
163164.jpg,1
106958.jpg,0
050177.jpg,0
098838.jpg,0
147930.jpg,1
149023.jpg,1
193132.jpg,1
067356.jpg,0
173249.jpg,1
183515.jpg,0
091988.jpg,0
096644.jpg,0
047956.jpg,1
025413.jpg,1
102709.jpg,0
190631.jpg,1
065934.jpg,0
146069.jpg,0
157683.jpg,0
177434.jpg,0
127031.jpg,0
161746.jpg,0
150377.jpg,0
177019.jpg,1
024858.jpg,1
035174.jpg,0
103602.jpg,1
047625.jpg,0
126569.jpg,0
042439.jpg,1
008886.jpg,1
087410.jpg,0
121070.jpg,0
081374.jpg,1
106547.jpg,1
088221.jpg,1
093542.jpg,0
058854.jpg,1
167617.jpg,0
060315.jpg,0
141510.jpg,0
049312.jpg,0
094914.jpg,1
162858.jpg,0
000845.jpg,1
063307.jpg,0
194451.jpg,0
072138.jpg,1
184460.jpg,0
167323.jpg,0
076530.jpg,0
106164.jpg,0
094601.jpg,0
032752.jpg,0
048132.jpg,0
161601.jpg,1
096108.jpg,1
031808.jpg,1
080571.jpg,0
008921.jpg,1
096120.jpg,0
136396.jpg,1
125464.jpg,1
158638.jpg,1
170853.jpg,1
021161.jpg,1
091965.jpg,1
124250.jpg,0
060888.jpg,0
061568.jpg,1
092481.jpg,1
149792.jpg,1
043185.jpg,0
075834.jpg,0
152677.jpg,1
055053.jpg,0
024091.jpg,1
126620.jpg,1
154318.jpg,1
188050.jpg,0
066796.jpg,1
187995.jpg,1
134336.jpg,0
045371.jpg,0
186870.jpg,0
120103.jpg,1
142499.jpg,0
090726.jpg,0
142646.jpg,1
103099.jpg,0
023484.jpg,0
028467.jpg,0
115865.jpg,1
173439.jpg,0
117232.jpg,1
156572.jpg,1
163411.jpg,1
111033.jpg,0
195332.jpg,1
005390.jpg,1
147016.jpg,0
161490.jpg,0
040276.jpg,0
057759.jpg,1
184326.jpg,0
059148.jpg,1
038818.jpg,1
009327.jpg,1
131613.jpg,1
130253.jpg,1
137376.jpg,1
067276.jpg,0
091643.jpg,1
095574.jpg,0
037857.jpg,1
126186.jpg,0
082897.jpg,1
183292.jpg,0
000653.jpg,0
151414.jpg,0
103631.jpg,0
065878.jpg,1
024241.jpg,0
120391.jpg,0
087416.jpg,0
177724.jpg,0
047948.jpg,0
059799.jpg,0
137674.jpg,1
159444.jpg,0
164375.jpg,1
157253.jpg,0
172024.jpg,1
184320.jpg,0
004174.jpg,0
170807.jpg,0
018891.jpg,1
094617.jpg,0
037763.jpg,0
155292.jpg,1
119163.jpg,0
009253.jpg,0
076028.jpg,0
098583.jpg,1
155271.jpg,1
062527.jpg,0
112743.jpg,0
008880.jpg,1
012408.jpg,0
003363.jpg,0
163944.jpg,0
129715.jpg,0
057871.jpg,1
150512.jpg,1
125026.jpg,1
047597.jpg,1
142313.jpg,0
009934.jpg,1
027230.jpg,1
072922.jpg,0
112579.jpg,0
151504.jpg,0
009138.jpg,0
124438.jpg,0
071231.jpg,0
135173.jpg,1
101557.jpg,1
001270.jpg,1
096459.jpg,1
002134.jpg,0
185313.jpg,1
101464.jpg,1
053317.jpg,0
063328.jpg,0
150228.jpg,0
122947.jpg,1
150698.jpg,0
094489.jpg,0
078518.jpg,0
095398.jpg,0
116091.jpg,0
077877.jpg,1
103525.jpg,0
176080.jpg,0
121742.jpg,1
191712.jpg,0
026945.jpg,0
082981.jpg,0
111009.jpg,0
162729.jpg,0
140189.jpg,1
000065.jpg,1
027434.jpg,0
116852.jpg,1
077610.jpg,1
029511.jpg,0
031520.jpg,0
131502.jpg,1
085819.jpg,0
015882.jpg,1
073620.jpg,1
098410.jpg,0
122143.jpg,1
061712.jpg,1
190097.jpg,0
099279.jpg,0
140986.jpg,0
097249.jpg,0
163917.jpg,0
024178.jpg,1
105598.jpg,0
116694.jpg,0
185887.jpg,1
195178.jpg,0
128545.jpg,0
170081.jpg,0
037637.jpg,1
016514.jpg,0
033237.jpg,0
083425.jpg,1
065754.jpg,0
183018.jpg,0
128353.jpg,1
020394.jpg,0
173544.jpg,0
054467.jpg,1
014027.jpg,1
056223.jpg,1
199090.jpg,0
037804.jpg,0
133639.jpg,0
116188.jpg,0
154128.jpg,1
055966.jpg,1
151526.jpg,1
066455.jpg,0
111980.jpg,1
129972.jpg,1
123186.jpg,1
088724.jpg,0
039391.jpg,1
063600.jpg,0
066057.jpg,0
045785.jpg,0
025630.jpg,1
177575.jpg,1
025727.jpg,1
048452.jpg,0
054207.jpg,0
028651.jpg,1
001256.jpg,1
061331.jpg,0
102378.jpg,0
153824.jpg,0
165821.jpg,0
138049.jpg,0
136429.jpg,1
117501.jpg,0
174608.jpg,0
074246.jpg,0
002698.jpg,0
022566.jpg,0
002662.jpg,0
094473.jpg,0
015965.jpg,1
001218.jpg,0
170727.jpg,0
024651.jpg,0
063367.jpg,0
123372.jpg,0
160322.jpg,1
092562.jpg,0
101783.jpg,0
159003.jpg,0
168979.jpg,0
158984.jpg,0
176683.jpg,1
023719.jpg,0
162383.jpg,0
039970.jpg,1
078881.jpg,0
179662.jpg,0
081454.jpg,0
101391.jpg,1
001248.jpg,0
146221.jpg,0
134123.jpg,0
077526.jpg,0
032400.jpg,1
059897.jpg,0
105200.jpg,0
049886.jpg,0
186320.jpg,0
046376.jpg,0
046483.jpg,1
139590.jpg,0
024882.jpg,0
097508.jpg,0
178055.jpg,1
050157.jpg,1
074495.jpg,1
168361.jpg,1
059193.jpg,1
016160.jpg,0
201325.jpg,0
107229.jpg,0
035964.jpg,0
110086.jpg,0
180438.jpg,0
159589.jpg,1
093552.jpg,0
072620.jpg,0
134897.jpg,1
193360.jpg,0
185401.jpg,0
058758.jpg,1
080610.jpg,1
185983.jpg,1
070428.jpg,1
105472.jpg,0
127374.jpg,0
104595.jpg,1
186846.jpg,0
069601.jpg,0
062914.jpg,1
095311.jpg,0
009195.jpg,1
033699.jpg,1
030577.jpg,0
016370.jpg,0
192531.jpg,1
100096.jpg,0
133612.jpg,1
003652.jpg,0
173619.jpg,1
101582.jpg,1
092932.jpg,0
087864.jpg,0
052792.jpg,1
100195.jpg,1
198211.jpg,0
135755.jpg,0
185221.jpg,0
128694.jpg,1
161417.jpg,1
073255.jpg,1
151122.jpg,1
151546.jpg,1
120372.jpg,0
122802.jpg,0
171848.jpg,1
058720.jpg,1
077255.jpg,1
116408.jpg,0
000922.jpg,0
016249.jpg,1
046299.jpg,0
135364.jpg,0
088574.jpg,0
176707.jpg,0
126598.jpg,1
071612.jpg,1
062011.jpg,0
142729.jpg,0
104227.jpg,0
143581.jpg,0
055877.jpg,0
146534.jpg,1
068228.jpg,1
015958.jpg,0
105161.jpg,0
058270.jpg,0
164697.jpg,0
058986.jpg,1
068396.jpg,0
165315.jpg,1
194475.jpg,0
047458.jpg,0
154432.jpg,0
062723.jpg,1
010512.jpg,0
098518.jpg,0
173404.jpg,1
165210.jpg,0
155620.jpg,0
113880.jpg,1
103146.jpg,0
005158.jpg,1
045018.jpg,0
092029.jpg,0
196010.jpg,1
057142.jpg,0
053250.jpg,0
079057.jpg,1
043643.jpg,1
094089.jpg,0
103311.jpg,1
169696.jpg,0
109703.jpg,0
087086.jpg,1
094001.jpg,0
136513.jpg,1
059576.jpg,0
113213.jpg,1
063132.jpg,0
184096.jpg,1
183629.jpg,0
006219.jpg,1
008184.jpg,1
053299.jpg,0
146169.jpg,1
091331.jpg,1
008931.jpg,0
147857.jpg,0
072341.jpg,1
019169.jpg,1
036770.jpg,1
188875.jpg,0
195720.jpg,0
014541.jpg,0
063917.jpg,0
003148.jpg,0
038892.jpg,1
036558.jpg,0
082387.jpg,1
132284.jpg,0
023075.jpg,1
024709.jpg,0
169115.jpg,1
000439.jpg,1
196608.jpg,1
159952.jpg,0
060434.jpg,0
109959.jpg,0
058521.jpg,0
156311.jpg,1
068266.jpg,0
128506.jpg,1
048883.jpg,0
035039.jpg,0
064250.jpg,1
002085.jpg,0
144210.jpg,1
034795.jpg,0
134854.jpg,1
132101.jpg,0
039511.jpg,0
015784.jpg,1
187625.jpg,0
126038.jpg,1
072095.jpg,0
057341.jpg,1
133904.jpg,1
023006.jpg,0
144818.jpg,0
178877.jpg,0
021659.jpg,1
099769.jpg,1
133900.jpg,0
147643.jpg,0
120065.jpg,0
082244.jpg,0
116203.jpg,0
168354.jpg,0
061606.jpg,0
018739.jpg,1
194266.jpg,1
081930.jpg,0
097892.jpg,1
000810.jpg,0
039762.jpg,1
004449.jpg,1
014092.jpg,1
004353.jpg,1
058670.jpg,0
114758.jpg,1
180127.jpg,0
058261.jpg,1
099387.jpg,0
191900.jpg,0
145884.jpg,1
083870.jpg,1
152076.jpg,0
144371.jpg,0
172098.jpg,1
024567.jpg,1
016875.jpg,1
141412.jpg,1
012915.jpg,0
074984.jpg,0
179926.jpg,1
006236.jpg,0
153964.jpg,1
085021.jpg,1
158608.jpg,1
087012.jpg,1
088461.jpg,0
118092.jpg,0
107363.jpg,1
156168.jpg,0
049646.jpg,1
034982.jpg,0
073418.jpg,0
124534.jpg,0
100877.jpg,1
198832.jpg,0
026566.jpg,1
196243.jpg,1
035286.jpg,1
194720.jpg,1
175714.jpg,0
201160.jpg,0
147227.jpg,0
010124.jpg,0
123005.jpg,0
064995.jpg,0
061667.jpg,0
166264.jpg,0
124819.jpg,1
006825.jpg,1
010345.jpg,0
148399.jpg,0
144594.jpg,0
125989.jpg,1
094024.jpg,0
008038.jpg,1
030340.jpg,0
065743.jpg,1
169519.jpg,0
094915.jpg,1
066469.jpg,0
184019.jpg,0
101817.jpg,0
188105.jpg,1
199833.jpg,0
055107.jpg,1
145689.jpg,1
201307.jpg,0
110439.jpg,0
195677.jpg,0
006854.jpg,1
190004.jpg,0
088611.jpg,0
056646.jpg,0
124339.jpg,0
186129.jpg,0
183005.jpg,0
134477.jpg,0
091234.jpg,0
113441.jpg,0
177440.jpg,0
173448.jpg,0
183727.jpg,1
166735.jpg,0
020542.jpg,0
040920.jpg,1
070129.jpg,0
127416.jpg,0
084406.jpg,1
094417.jpg,0
188848.jpg,1
190411.jpg,1
125710.jpg,0
137304.jpg,1
160985.jpg,0
003427.jpg,0
000052.jpg,1
092734.jpg,0
059695.jpg,0
059284.jpg,1
006254.jpg,0
189029.jpg,1
075859.jpg,0
184896.jpg,0
134653.jpg,1
037132.jpg,0
179845.jpg,0
188828.jpg,1
026066.jpg,1
062715.jpg,1
042873.jpg,1
128628.jpg,0
104244.jpg,1
126551.jpg,1
150092.jpg,1
002125.jpg,1
115117.jpg,0
154982.jpg,1
057851.jpg,1
070695.jpg,0
019743.jpg,0
069428.jpg,1
154888.jpg,0
197553.jpg,0
170973.jpg,1
196974.jpg,0
113979.jpg,1
142940.jpg,1
199077.jpg,1
147526.jpg,1
006422.jpg,0
200668.jpg,0
072743.jpg,0
153759.jpg,1
147455.jpg,0
030484.jpg,1
197455.jpg,0
009482.jpg,1
059668.jpg,0
107717.jpg,0
119357.jpg,0
050362.jpg,1
089565.jpg,1
035084.jpg,1
064229.jpg,0
122153.jpg,0
152971.jpg,0
113261.jpg,1
199636.jpg,1
197271.jpg,1
190955.jpg,0
129790.jpg,0
058333.jpg,1
137297.jpg,1
085453.jpg,1
040126.jpg,0
112990.jpg,1
189132.jpg,0
030446.jpg,1
179121.jpg,0
057425.jpg,1
198849.jpg,0
045809.jpg,0
078589.jpg,0
120955.jpg,0
093856.jpg,1
129064.jpg,1
160576.jpg,0
038150.jpg,0
143308.jpg,0
201956.jpg,1
062870.jpg,0
091761.jpg,0
019998.jpg,0
150511.jpg,0
158450.jpg,1
148494.jpg,0
098032.jpg,0
100666.jpg,1
165928.jpg,0
127446.jpg,0
136375.jpg,1
049321.jpg,0
125028.jpg,1
023824.jpg,0
063434.jpg,0
083996.jpg,0
193327.jpg,0
172092.jpg,0
045793.jpg,1
124207.jpg,0
047875.jpg,0
103250.jpg,1
059939.jpg,1
048275.jpg,0
134407.jpg,0
087342.jpg,0
179336.jpg,0
070920.jpg,1
137371.jpg,1
126227.jpg,0
005594.jpg,0
077748.jpg,1
085275.jpg,0
099147.jpg,0
181839.jpg,1
068345.jpg,0
008812.jpg,0
083780.jpg,1
039895.jpg,0
123374.jpg,0
068929.jpg,0
000559.jpg,1
188059.jpg,1
022967.jpg,1
157866.jpg,0
074539.jpg,0
071786.jpg,0
095924.jpg,1
089511.jpg,0
067835.jpg,0
070310.jpg,1
033764.jpg,1
101009.jpg,0
070857.jpg,0
028768.jpg,1
113268.jpg,1
000873.jpg,1
153626.jpg,1
081841.jpg,1
154515.jpg,0
163060.jpg,1
142740.jpg,1
125803.jpg,1
062525.jpg,0
014390.jpg,1
201002.jpg,0
190304.jpg,0
098912.jpg,0
084728.jpg,0
086471.jpg,0
131891.jpg,1
172638.jpg,0
034966.jpg,1
081470.jpg,0
112410.jpg,0
150707.jpg,0
193458.jpg,0
152003.jpg,0
154027.jpg,0
112213.jpg,1
023080.jpg,0
024111.jpg,1
145470.jpg,0
117747.jpg,0
147959.jpg,0
033501.jpg,1
071517.jpg,0
109518.jpg,1
014577.jpg,1
181003.jpg,1
067830.jpg,1
114010.jpg,1
138542.jpg,1
178512.jpg,0
150169.jpg,1
018658.jpg,0
127485.jpg,0
187441.jpg,0
131459.jpg,0
075467.jpg,0
173106.jpg,0
151641.jpg,0
134768.jpg,1
010447.jpg,1
042304.jpg,0
085327.jpg,0
151243.jpg,0
124686.jpg,0
071648.jpg,0
116506.jpg,1
153461.jpg,0
019693.jpg,0
150741.jpg,0
046677.jpg,0
065674.jpg,1
086026.jpg,1
057903.jpg,0
092561.jpg,1
049231.jpg,1
185127.jpg,0
117479.jpg,0
175533.jpg,0
137315.jpg,0
054282.jpg,1
150206.jpg,0
050357.jpg,1
113636.jpg,0
034919.jpg,1
114107.jpg,0
165471.jpg,1
073508.jpg,0
015163.jpg,0
082926.jpg,1
139666.jpg,1
126061.jpg,0
177304.jpg,0
076778.jpg,1
107517.jpg,0
124865.jpg,1
122740.jpg,0
154295.jpg,1
186782.jpg,0
170102.jpg,0
108680.jpg,1
005249.jpg,1
104089.jpg,1
032966.jpg,0
002502.jpg,0
085589.jpg,1
180686.jpg,1
028150.jpg,0
040859.jpg,0
078688.jpg,1
112434.jpg,1
059708.jpg,1
077380.jpg,1
135160.jpg,0
001613.jpg,1
173377.jpg,1
071311.jpg,0
146820.jpg,0
074999.jpg,0
171229.jpg,0
193146.jpg,0
104994.jpg,0
046568.jpg,1
014043.jpg,0
026930.jpg,0
010187.jpg,1
122683.jpg,0
060082.jpg,0
062954.jpg,1
024775.jpg,0
045137.jpg,1
094108.jpg,1
198616.jpg,1
047786.jpg,1
030448.jpg,0
138425.jpg,1
024904.jpg,0
058490.jpg,1
031842.jpg,0
188010.jpg,0
105606.jpg,0
186494.jpg,0
159081.jpg,0
100538.jpg,1
027966.jpg,1
027292.jpg,1
181647.jpg,0
065111.jpg,0
130292.jpg,1
160014.jpg,1
139266.jpg,0
111574.jpg,0
196627.jpg,1
200375.jpg,0
056303.jpg,1
119995.jpg,0
010312.jpg,0
149337.jpg,1
081442.jpg,0
042853.jpg,0
064078.jpg,1
008096.jpg,0
080899.jpg,1
019758.jpg,0
160209.jpg,1
151846.jpg,0
150218.jpg,0
192350.jpg,0
118325.jpg,0
071482.jpg,1
182781.jpg,1
092093.jpg,0
196188.jpg,0
100175.jpg,0
013726.jpg,0
164749.jpg,0
021380.jpg,0
153377.jpg,1
093931.jpg,1
026154.jpg,0
039055.jpg,1
083977.jpg,0
097796.jpg,0
034132.jpg,0
113230.jpg,1
043013.jpg,0
100434.jpg,0
046347.jpg,1
040956.jpg,0
201479.jpg,0
199994.jpg,0
153453.jpg,1
090773.jpg,1
119733.jpg,1
166157.jpg,1
108617.jpg,0
126519.jpg,0
038765.jpg,1
152965.jpg,1
100916.jpg,1
041537.jpg,1
069799.jpg,1
019252.jpg,0
142486.jpg,1
086445.jpg,0
031499.jpg,0
140871.jpg,1
081044.jpg,0
141830.jpg,0
024924.jpg,1
158373.jpg,1
129451.jpg,1
146795.jpg,0
077272.jpg,1
055995.jpg,1
101561.jpg,0
021849.jpg,0
187176.jpg,0
089457.jpg,0
167097.jpg,0
089944.jpg,0
099012.jpg,0
001295.jpg,0
188454.jpg,1
126835.jpg,1
120938.jpg,1
085256.jpg,1
154805.jpg,0
144937.jpg,1
008412.jpg,1
116073.jpg,0
055637.jpg,0
139594.jpg,0
091111.jpg,1
112468.jpg,0
165926.jpg,0
042489.jpg,0
025101.jpg,0
046924.jpg,0
096185.jpg,1
105150.jpg,0
013091.jpg,1
137754.jpg,0
091380.jpg,1
174813.jpg,1
066174.jpg,1
142676.jpg,0
115908.jpg,0
061547.jpg,0
055225.jpg,0
007754.jpg,0
150031.jpg,1
169185.jpg,1
019053.jpg,0
028028.jpg,1
025233.jpg,1
109979.jpg,0
019895.jpg,0
083275.jpg,1
084094.jpg,1
095965.jpg,0
151801.jpg,1
077600.jpg,1
153691.jpg,1
172274.jpg,0
197939.jpg,0
051939.jpg,1
074274.jpg,0
143015.jpg,1
037368.jpg,1
016646.jpg,0
143055.jpg,1
085897.jpg,1
159970.jpg,0
029631.jpg,0
004405.jpg,0
058288.jpg,0
178308.jpg,0
079146.jpg,0
028445.jpg,0
160575.jpg,1
046706.jpg,0
081388.jpg,0
047021.jpg,0
037938.jpg,1
112902.jpg,0
020158.jpg,0
107353.jpg,0
110759.jpg,0
151724.jpg,0
066344.jpg,1
038299.jpg,1
073927.jpg,1
007032.jpg,0
105490.jpg,1
183923.jpg,1
075182.jpg,0
109687.jpg,0
197858.jpg,0
171265.jpg,1
195139.jpg,1
132950.jpg,1
192845.jpg,1
156177.jpg,1
057381.jpg,0
006511.jpg,0
157170.jpg,1
131619.jpg,0
058533.jpg,0
063479.jpg,1
072424.jpg,0
171987.jpg,0
006949.jpg,1
023648.jpg,0
022086.jpg,1
005707.jpg,0
078700.jpg,1
089257.jpg,0
009740.jpg,0
042877.jpg,1
086843.jpg,0
018640.jpg,0
116655.jpg,0
182912.jpg,0
187613.jpg,1
185670.jpg,0
147434.jpg,0
134609.jpg,1
185381.jpg,0
094751.jpg,0
177828.jpg,0
181894.jpg,0
194299.jpg,0
131585.jpg,0
113758.jpg,1
026492.jpg,0
146301.jpg,1
112529.jpg,1
036090.jpg,1
047121.jpg,0
148900.jpg,0
098335.jpg,1
060756.jpg,1
169415.jpg,0
037956.jpg,1
200419.jpg,0
021487.jpg,0
200908.jpg,0
086142.jpg,0
085700.jpg,0
125045.jpg,1
038355.jpg,0
070826.jpg,0
038086.jpg,0
181289.jpg,1
125880.jpg,0
162273.jpg,0
192272.jpg,0
195735.jpg,0
154278.jpg,0
116839.jpg,0
121603.jpg,0
003416.jpg,0
169913.jpg,0
181682.jpg,0
111893.jpg,0
014062.jpg,0
108698.jpg,0
070409.jpg,1
072590.jpg,0
184853.jpg,0
094223.jpg,1
004132.jpg,1
061544.jpg,1
008021.jpg,1
129152.jpg,1
114994.jpg,1
162413.jpg,0
089734.jpg,0
060942.jpg,0
192544.jpg,0
063585.jpg,0
093979.jpg,0
139514.jpg,1
074374.jpg,0
103643.jpg,1
177018.jpg,0
128266.jpg,1
143641.jpg,1
032541.jpg,0
170253.jpg,1
102936.jpg,1
077190.jpg,1
043565.jpg,0
122866.jpg,1
045864.jpg,1
102913.jpg,1
085241.jpg,1
183216.jpg,0
132796.jpg,1
173205.jpg,1
159580.jpg,1
133650.jpg,0
197372.jpg,0
085444.jpg,1
074067.jpg,0
012605.jpg,0
041200.jpg,0
085460.jpg,1
003747.jpg,1
066913.jpg,1
111589.jpg,0
052681.jpg,0
063222.jpg,1
032960.jpg,0
164378.jpg,0
160168.jpg,0
041530.jpg,0
059919.jpg,0
173412.jpg,0
130037.jpg,0
107277.jpg,0
142586.jpg,1
174442.jpg,1
012878.jpg,0
078788.jpg,1
084146.jpg,0
071569.jpg,0
176147.jpg,1
148633.jpg,1
087697.jpg,1
137601.jpg,0
178224.jpg,1
142340.jpg,1
021760.jpg,0
131756.jpg,0
074839.jpg,1
094049.jpg,0
007943.jpg,0
165434.jpg,1
050012.jpg,1
015267.jpg,0
148988.jpg,0
195382.jpg,0
199464.jpg,1
030560.jpg,0
069709.jpg,0
091726.jpg,0
048669.jpg,0
165804.jpg,0
033798.jpg,1
144410.jpg,1
043228.jpg,0
093419.jpg,1
003543.jpg,1
182471.jpg,1
103415.jpg,1
072289.jpg,0
029211.jpg,1
164527.jpg,0
164095.jpg,0
113179.jpg,0
105355.jpg,1
110003.jpg,1
105926.jpg,1
002663.jpg,0
122419.jpg,0
135946.jpg,0
089089.jpg,1
085350.jpg,0
096261.jpg,1
065738.jpg,1
007357.jpg,0
080762.jpg,0
139895.jpg,0
034227.jpg,0
175169.jpg,1
173201.jpg,1
162864.jpg,1
080656.jpg,0
107503.jpg,0
120627.jpg,1
077160.jpg,1
197442.jpg,0
004326.jpg,1
038462.jpg,0
090711.jpg,0
098232.jpg,0
185062.jpg,0
097164.jpg,1
076809.jpg,1
036412.jpg,0
189297.jpg,0
152439.jpg,1
082100.jpg,0
023013.jpg,0
013022.jpg,1
073082.jpg,1
176547.jpg,0
198641.jpg,0
081496.jpg,0
021882.jpg,0
080748.jpg,0
048869.jpg,0
129341.jpg,1
116941.jpg,0
113907.jpg,0
163628.jpg,1
035083.jpg,0
102292.jpg,1
081726.jpg,0
109013.jpg,0
129916.jpg,1
008185.jpg,0
197293.jpg,0
197528.jpg,0
170816.jpg,0
087583.jpg,1
087530.jpg,1
107210.jpg,1
021369.jpg,0
199303.jpg,1
141067.jpg,1
155650.jpg,1
182793.jpg,1
099076.jpg,0
001161.jpg,1
201072.jpg,0
133529.jpg,0
174927.jpg,0
086983.jpg,0
085893.jpg,1
086660.jpg,1
154877.jpg,0
187403.jpg,0
081995.jpg,1
192126.jpg,1
195960.jpg,0
147886.jpg,1
053461.jpg,1
108937.jpg,0
197219.jpg,1
102093.jpg,0
144461.jpg,1
065243.jpg,1
011770.jpg,0
138353.jpg,1
071615.jpg,1
014269.jpg,0
113739.jpg,0
082706.jpg,1
048527.jpg,0
173426.jpg,1
197998.jpg,0
045225.jpg,0
098301.jpg,0
115290.jpg,1
153522.jpg,1
189971.jpg,0
197021.jpg,0
097859.jpg,1
193367.jpg,0
095327.jpg,0
017656.jpg,0
010713.jpg,0
166311.jpg,0
007566.jpg,0
064371.jpg,0
083874.jpg,0
035250.jpg,0
004409.jpg,0
005722.jpg,0
165811.jpg,0
074485.jpg,1
130948.jpg,1
140843.jpg,0
037766.jpg,1
034553.jpg,1
137844.jpg,0
088319.jpg,1
016633.jpg,0
180583.jpg,1
032211.jpg,0
096135.jpg,1
113866.jpg,1
083366.jpg,0
112158.jpg,1
149459.jpg,0
034594.jpg,0
105980.jpg,0
048705.jpg,0
135584.jpg,0
198682.jpg,1
088594.jpg,0
025662.jpg,0
070488.jpg,0
073237.jpg,0
031766.jpg,0
046763.jpg,0
169089.jpg,0
106192.jpg,0
199718.jpg,1
172735.jpg,0
063816.jpg,1
201547.jpg,0
033436.jpg,0
081274.jpg,1
136837.jpg,0
175867.jpg,1
091165.jpg,0
016359.jpg,1
041403.jpg,1
161471.jpg,1
178539.jpg,1
171473.jpg,0
111344.jpg,0
140504.jpg,0
151129.jpg,0
108644.jpg,0
188530.jpg,0
023192.jpg,0
130513.jpg,0
147605.jpg,1
081062.jpg,1
033412.jpg,0
044587.jpg,0
190049.jpg,0
145607.jpg,0
178780.jpg,1
177325.jpg,0
021796.jpg,0
180512.jpg,0
143612.jpg,0
139971.jpg,1
110446.jpg,0
161805.jpg,0
059005.jpg,0
195349.jpg,0
184090.jpg,1
040393.jpg,1
045944.jpg,0
062476.jpg,0
089076.jpg,0
009295.jpg,1
117443.jpg,0
153001.jpg,0
050909.jpg,0
097555.jpg,0
049645.jpg,0
059470.jpg,1
017023.jpg,0
035576.jpg,0
077847.jpg,0
196315.jpg,0
153844.jpg,0
201632.jpg,0
155030.jpg,1
159328.jpg,0
072768.jpg,0
089377.jpg,0
125862.jpg,1
175902.jpg,1
197751.jpg,0
182290.jpg,0
140546.jpg,0
182775.jpg,1
143873.jpg,0
170401.jpg,0
054985.jpg,0
124704.jpg,1
085487.jpg,1
080873.jpg,0
080015.jpg,0
027359.jpg,0
151288.jpg,1
054568.jpg,0
196048.jpg,0
002598.jpg,1
176970.jpg,0
173174.jpg,0
057979.jpg,0
121842.jpg,1
049137.jpg,1
041576.jpg,0
127818.jpg,0
035801.jpg,0
169130.jpg,0
155810.jpg,0
067983.jpg,0
006783.jpg,1
129980.jpg,0
156110.jpg,0
089217.jpg,0
007875.jpg,0
120258.jpg,1
059060.jpg,0
085077.jpg,0
069051.jpg,0
011969.jpg,0
016258.jpg,1
196423.jpg,0
014969.jpg,0
163288.jpg,0
088117.jpg,0
139611.jpg,1
038631.jpg,0
111413.jpg,0
085250.jpg,0
111885.jpg,0
105006.jpg,0
024388.jpg,1
017360.jpg,0
146318.jpg,1
076332.jpg,1
123929.jpg,0
132113.jpg,1
171087.jpg,0
080968.jpg,1
121243.jpg,1
142057.jpg,1
021688.jpg,1
094846.jpg,0
055142.jpg,1
139471.jpg,1
151212.jpg,1
081675.jpg,0
143905.jpg,1
147488.jpg,0
123156.jpg,0
122145.jpg,1
027415.jpg,0
060851.jpg,0
138606.jpg,0
044273.jpg,0
196440.jpg,0
166912.jpg,0
075227.jpg,0
092605.jpg,1
186226.jpg,0
145965.jpg,1
118005.jpg,1
110756.jpg,1
155033.jpg,0
026421.jpg,1
170664.jpg,0
192649.jpg,0
016410.jpg,1
070316.jpg,0
090286.jpg,1
028251.jpg,0
057742.jpg,0
154465.jpg,0
108398.jpg,0
136189.jpg,1
033697.jpg,1
066575.jpg,0
165633.jpg,0
129911.jpg,0
134919.jpg,0
071477.jpg,0
042371.jpg,1
045903.jpg,1
106593.jpg,0
053666.jpg,0
202045.jpg,0
140223.jpg,1
199004.jpg,0
104976.jpg,0
096125.jpg,0
025642.jpg,0
154671.jpg,0
086911.jpg,1
185530.jpg,0
193894.jpg,0
092630.jpg,1
022584.jpg,0
115785.jpg,1
189324.jpg,1
076755.jpg,1
109192.jpg,0
010562.jpg,1
013420.jpg,0
095896.jpg,0
148045.jpg,0
004007.jpg,1
162571.jpg,1
024675.jpg,0
166736.jpg,0
022600.jpg,0
062643.jpg,0
157762.jpg,0
073685.jpg,1
048331.jpg,0
195857.jpg,0
150193.jpg,0
139017.jpg,1
199388.jpg,1
126444.jpg,1
064101.jpg,1
183731.jpg,1
174236.jpg,1
040313.jpg,0
030935.jpg,0
176620.jpg,1
164318.jpg,1
051201.jpg,1
037644.jpg,1
074832.jpg,1
107074.jpg,0
194610.jpg,1
167491.jpg,0
151945.jpg,0
024441.jpg,1
127624.jpg,0
168355.jpg,1
106794.jpg,1
060181.jpg,1
014466.jpg,1
129023.jpg,0
130964.jpg,0
003630.jpg,1
173340.jpg,1
179723.jpg,1
139887.jpg,0
174723.jpg,0
083292.jpg,0
035166.jpg,0
193277.jpg,1
161412.jpg,0
190388.jpg,0
118949.jpg,0
024878.jpg,0
032911.jpg,0
046276.jpg,1
109254.jpg,1
156884.jpg,0
146235.jpg,0
040124.jpg,1
108540.jpg,1
091632.jpg,0
159543.jpg,0
164933.jpg,1
000240.jpg,0
123213.jpg,0
171232.jpg,1
029860.jpg,1
179410.jpg,1
160360.jpg,0
007538.jpg,0
027139.jpg,0
154493.jpg,1
036141.jpg,0
186703.jpg,0
013503.jpg,1
096360.jpg,1
016173.jpg,0
182943.jpg,0
006386.jpg,1
069732.jpg,1
085356.jpg,0
047699.jpg,0
157895.jpg,0
168646.jpg,1
177346.jpg,1
159910.jpg,1
077570.jpg,0
143617.jpg,0
108858.jpg,0
046479.jpg,1
110250.jpg,1
199412.jpg,0
199600.jpg,0
111414.jpg,1
175648.jpg,0
088686.jpg,0
064932.jpg,0
105501.jpg,1
138591.jpg,0
092210.jpg,1
044870.jpg,1
029732.jpg,1
193833.jpg,1
053268.jpg,0
096795.jpg,0
099180.jpg,0
101241.jpg,1
032310.jpg,0
012295.jpg,0
092445.jpg,0
189077.jpg,0
047964.jpg,1
121937.jpg,0
056163.jpg,0
129334.jpg,0
003306.jpg,0
165540.jpg,1
077139.jpg,0
188299.jpg,1
191670.jpg,1
049681.jpg,0
093110.jpg,0
175645.jpg,0
191789.jpg,1
069140.jpg,0
136054.jpg,1
082381.jpg,0
078337.jpg,0
017975.jpg,1
063449.jpg,0
022115.jpg,0
116628.jpg,0
180217.jpg,0
060560.jpg,1
162722.jpg,0
037121.jpg,0
076789.jpg,0
146638.jpg,1
039657.jpg,0
186088.jpg,0
166088.jpg,0
048942.jpg,0
132318.jpg,0
126880.jpg,1
010791.jpg,1
054890.jpg,0
131190.jpg,0
160094.jpg,0
142943.jpg,1
061474.jpg,1
143162.jpg,1
086036.jpg,0
030253.jpg,0
045288.jpg,0
171108.jpg,0
134099.jpg,1
158922.jpg,0
170767.jpg,0
127192.jpg,1
149085.jpg,0
184957.jpg,0
154927.jpg,0
100409.jpg,0
017324.jpg,1
059778.jpg,1
049355.jpg,0
112013.jpg,1
014325.jpg,0
065421.jpg,1
162773.jpg,0
088005.jpg,1
051944.jpg,0
176750.jpg,1
107209.jpg,1
100711.jpg,1
008264.jpg,1
007383.jpg,0
016074.jpg,1
031264.jpg,0
089676.jpg,0
164405.jpg,0
007002.jpg,1
128409.jpg,0
102241.jpg,1
176915.jpg,1
060612.jpg,1
006260.jpg,0
179473.jpg,0
042392.jpg,0
069447.jpg,1
048167.jpg,1
149866.jpg,0
036341.jpg,1
107486.jpg,0
063685.jpg,0
153153.jpg,1
138973.jpg,0
154394.jpg,0
142705.jpg,1
078086.jpg,1
137562.jpg,0
049173.jpg,1
117362.jpg,0
185763.jpg,0
073981.jpg,1
016537.jpg,0
170869.jpg,0
080084.jpg,1
012542.jpg,0
181238.jpg,1
032533.jpg,0
142917.jpg,0
123615.jpg,1
051761.jpg,0
101103.jpg,0
017297.jpg,1
137413.jpg,1
080190.jpg,1
153635.jpg,0
003252.jpg,1
073719.jpg,1
150353.jpg,1
192496.jpg,1
133692.jpg,0
146493.jpg,0
073967.jpg,1
054644.jpg,0
090181.jpg,1
199735.jpg,0
183855.jpg,1
119435.jpg,1
049516.jpg,1
129307.jpg,0
092574.jpg,1
065728.jpg,0
045329.jpg,0
138162.jpg,1
084211.jpg,0
196070.jpg,0
187666.jpg,0
097492.jpg,1
092400.jpg,1
003847.jpg,0
035265.jpg,0
079348.jpg,1
132620.jpg,0
044930.jpg,0
031724.jpg,1
103567.jpg,0
000166.jpg,1
140867.jpg,1
016516.jpg,0
073622.jpg,0
084255.jpg,1
042627.jpg,0
174832.jpg,1
158402.jpg,0
018448.jpg,0
147774.jpg,0
057833.jpg,1
190444.jpg,1
169521.jpg,1
078634.jpg,0
057945.jpg,1
067123.jpg,0
062175.jpg,1
165187.jpg,0
132053.jpg,0
083180.jpg,1
124857.jpg,1
112679.jpg,0
164417.jpg,0
038072.jpg,0
004623.jpg,0
134065.jpg,0
075976.jpg,1
043616.jpg,0
144409.jpg,1
041980.jpg,0
145664.jpg,0
134322.jpg,1
032352.jpg,1
000051.jpg,1
037942.jpg,0
079163.jpg,0
147165.jpg,1
007027.jpg,0
064041.jpg,0
128816.jpg,1
030742.jpg,0
120860.jpg,0
063552.jpg,1
045572.jpg,0
062024.jpg,1
011088.jpg,0
018224.jpg,0
150699.jpg,0
094361.jpg,1
114961.jpg,0
117932.jpg,0
175399.jpg,0
016372.jpg,1
117461.jpg,1
187727.jpg,1
093251.jpg,1
069374.jpg,1
155130.jpg,0
035062.jpg,0
089696.jpg,1
201867.jpg,0
124345.jpg,1
024498.jpg,0
137441.jpg,0
197718.jpg,0
119527.jpg,0
054274.jpg,0
072687.jpg,0
017298.jpg,1
124346.jpg,0
114355.jpg,0
138464.jpg,1
064697.jpg,0
075366.jpg,1
077331.jpg,1
175248.jpg,1
082670.jpg,1
191656.jpg,0
051029.jpg,0
125013.jpg,0
151547.jpg,1
049971.jpg,0
151869.jpg,0
176312.jpg,0
192475.jpg,1
147716.jpg,0
136170.jpg,1
066781.jpg,0
179796.jpg,0
096455.jpg,0
118448.jpg,0
114989.jpg,1
186047.jpg,1
196937.jpg,1
000282.jpg,1
030774.jpg,0
202253.jpg,0
061958.jpg,1
094009.jpg,0
071136.jpg,0
160716.jpg,0
118327.jpg,1
062130.jpg,0
084315.jpg,0
079746.jpg,0
008601.jpg,0
080655.jpg,0
196606.jpg,0
086090.jpg,1
164361.jpg,0
172061.jpg,1
044800.jpg,1
099246.jpg,1
041032.jpg,1
184985.jpg,0
039753.jpg,0
017995.jpg,0
083075.jpg,0
081598.jpg,0
189651.jpg,1
123795.jpg,1
070046.jpg,0
070287.jpg,0
171228.jpg,1
077672.jpg,1
171594.jpg,1
183172.jpg,1
013318.jpg,0
159152.jpg,0
069430.jpg,0
019000.jpg,1
005020.jpg,1
081807.jpg,1
060519.jpg,0
040117.jpg,1
170334.jpg,1
175500.jpg,0
159491.jpg,0
108931.jpg,1
047173.jpg,0
062158.jpg,0
050316.jpg,1
061465.jpg,1
131608.jpg,0
200251.jpg,0
090999.jpg,1
016612.jpg,0
050821.jpg,0
019560.jpg,0
011094.jpg,0
180021.jpg,0
180418.jpg,0
022569.jpg,0
007586.jpg,0
178988.jpg,0
018802.jpg,1
164266.jpg,1
119038.jpg,0
062523.jpg,0
108039.jpg,0
054920.jpg,0
106614.jpg,1
131454.jpg,0
133229.jpg,0
043613.jpg,1
008426.jpg,1
096943.jpg,0
125062.jpg,1
005091.jpg,0
173814.jpg,0
007609.jpg,0
131393.jpg,0
152987.jpg,0
163983.jpg,1
110536.jpg,1
201735.jpg,0
139109.jpg,0
168112.jpg,1
156405.jpg,0
145742.jpg,0
117581.jpg,0
094222.jpg,0
132401.jpg,1
096196.jpg,1
137448.jpg,0
162637.jpg,0
190204.jpg,1
174300.jpg,1
184203.jpg,0
082794.jpg,1
133834.jpg,0
024069.jpg,0
102185.jpg,1
155105.jpg,0
121496.jpg,1
027132.jpg,1
037469.jpg,1
160959.jpg,0
095867.jpg,0
177805.jpg,1
072186.jpg,0
182289.jpg,0
015231.jpg,0
088136.jpg,1
166955.jpg,1
196596.jpg,0
024417.jpg,0
165764.jpg,0
011728.jpg,1
018060.jpg,0
118428.jpg,0
099431.jpg,1
144503.jpg,1
016075.jpg,1
184300.jpg,0
035158.jpg,0
052604.jpg,0
031132.jpg,0
086193.jpg,0
003776.jpg,0
168952.jpg,0
053923.jpg,0
018646.jpg,0
152685.jpg,0
098176.jpg,0
186924.jpg,0
047987.jpg,0
140978.jpg,0
113482.jpg,1
119653.jpg,0
141847.jpg,0
038998.jpg,0
007135.jpg,0
054462.jpg,0
115327.jpg,1
145331.jpg,1
176614.jpg,0
160351.jpg,0
177813.jpg,0
126790.jpg,0
098123.jpg,0
045130.jpg,0
057801.jpg,0
033833.jpg,0
058561.jpg,1
192330.jpg,0
069216.jpg,0
101180.jpg,0
033826.jpg,1
008488.jpg,1
087890.jpg,0
039923.jpg,0
120212.jpg,0
038775.jpg,0
078471.jpg,1
038415.jpg,0
118478.jpg,1
019550.jpg,0
009102.jpg,0
201816.jpg,0
025393.jpg,0
096301.jpg,0
132476.jpg,0
030584.jpg,0
201172.jpg,0
059838.jpg,1
169295.jpg,0
143490.jpg,0
141820.jpg,0
010066.jpg,0
141822.jpg,1
162315.jpg,1
122009.jpg,0
065489.jpg,0
036714.jpg,0
093675.jpg,1
092545.jpg,0
070350.jpg,1
190399.jpg,0
197085.jpg,0
009664.jpg,0
050553.jpg,1
051682.jpg,0
110918.jpg,1
144697.jpg,0
035562.jpg,0
115131.jpg,0
175518.jpg,1
145999.jpg,0
095881.jpg,1
054665.jpg,0
092966.jpg,1
012930.jpg,0
191814.jpg,0
052720.jpg,1
037168.jpg,0
067593.jpg,1
149582.jpg,0
103579.jpg,1
113984.jpg,0
011628.jpg,1
045553.jpg,0
014543.jpg,0
100465.jpg,1
142060.jpg,1
148050.jpg,0
030644.jpg,0
133220.jpg,1
075258.jpg,0
185526.jpg,0
050755.jpg,0
108568.jpg,1
166316.jpg,0
067625.jpg,0
001519.jpg,1
160663.jpg,1
018505.jpg,1
159570.jpg,1
135319.jpg,1
165237.jpg,1
149021.jpg,1
037993.jpg,1
165500.jpg,1
201018.jpg,0
081760.jpg,1
034850.jpg,0
135686.jpg,0
145261.jpg,0
183790.jpg,0
192167.jpg,0
007573.jpg,1
142834.jpg,0
011027.jpg,1
137464.jpg,0
074459.jpg,0
024436.jpg,1
151367.jpg,0
105674.jpg,1
119741.jpg,0
106017.jpg,0
184719.jpg,0
115486.jpg,0
110733.jpg,0
018341.jpg,0
017468.jpg,1
186548.jpg,0
180800.jpg,1
027459.jpg,0
052528.jpg,1
195404.jpg,1
098987.jpg,0
064537.jpg,0
195337.jpg,0
158942.jpg,0
113617.jpg,1
062421.jpg,1
032153.jpg,0
114297.jpg,1
043201.jpg,0
038747.jpg,0
004557.jpg,0
035037.jpg,1
193343.jpg,0
009750.jpg,0
200979.jpg,0
153972.jpg,0
101154.jpg,0
189512.jpg,0
057589.jpg,0
090968.jpg,0
012102.jpg,0
068856.jpg,1
009355.jpg,0
002693.jpg,0
123835.jpg,1
157981.jpg,1
054677.jpg,1
120504.jpg,0
038871.jpg,1
102420.jpg,0
004540.jpg,0
129288.jpg,1
058120.jpg,0
140930.jpg,1
082681.jpg,0
051323.jpg,1
160812.jpg,0
156071.jpg,1
090610.jpg,1
072347.jpg,0
076808.jpg,0
199254.jpg,0
185316.jpg,0
016848.jpg,1
013788.jpg,1
007484.jpg,0
197544.jpg,1
033599.jpg,0
009997.jpg,1
202200.jpg,0
071551.jpg,0
074676.jpg,1
193974.jpg,0
051543.jpg,0
104777.jpg,0
137346.jpg,0
079720.jpg,0
036793.jpg,1
067308.jpg,0
115524.jpg,1
085777.jpg,1
159627.jpg,1
063709.jpg,0
159991.jpg,1
143402.jpg,1
133411.jpg,1
026382.jpg,1
173582.jpg,0
017438.jpg,0
093710.jpg,1
114323.jpg,0
150879.jpg,0
172996.jpg,0
185074.jpg,0
115739.jpg,1
190832.jpg,1
013606.jpg,1
170540.jpg,1
033251.jpg,0
041283.jpg,1
163742.jpg,1
173065.jpg,0
067158.jpg,1
034093.jpg,1
048411.jpg,0
087841.jpg,0
008539.jpg,0
033687.jpg,1
004136.jpg,0
015926.jpg,1
071671.jpg,0
181842.jpg,0
144382.jpg,0
056243.jpg,0
059406.jpg,0
135470.jpg,0
022449.jpg,0
011297.jpg,1
184815.jpg,0
171807.jpg,1
037188.jpg,0
178278.jpg,1
074841.jpg,0
176522.jpg,1
148297.jpg,0
012369.jpg,0
180637.jpg,0
145154.jpg,0
127855.jpg,1
046326.jpg,1
049204.jpg,0
010485.jpg,1
161341.jpg,0
188581.jpg,1
165154.jpg,1
009883.jpg,1
068583.jpg,1
104825.jpg,0
052536.jpg,0
085598.jpg,0
066228.jpg,1
059215.jpg,0
120975.jpg,0
118433.jpg,0
070015.jpg,1
038974.jpg,1
086743.jpg,0
038229.jpg,0
188936.jpg,0
095372.jpg,0
017810.jpg,1
087467.jpg,1
055652.jpg,0
134098.jpg,1
194834.jpg,1
160764.jpg,0
122326.jpg,0
089936.jpg,1
051399.jpg,1
068292.jpg,1
059064.jpg,1
119682.jpg,0
131462.jpg,1
102698.jpg,0
157725.jpg,0
136331.jpg,1
060982.jpg,0
156955.jpg,1
027076.jpg,1
190131.jpg,0
002556.jpg,0
050030.jpg,0
013351.jpg,0
014065.jpg,0
043861.jpg,1
085351.jpg,0
121704.jpg,0
165837.jpg,1
181567.jpg,1
010539.jpg,0
063926.jpg,0
135375.jpg,0
070652.jpg,1
139832.jpg,1
051072.jpg,1
185432.jpg,1
134839.jpg,0
007738.jpg,0
170818.jpg,1
073724.jpg,1
074836.jpg,0
154302.jpg,0
024473.jpg,1
071576.jpg,0
071527.jpg,1
134438.jpg,1
012830.jpg,1
113059.jpg,1
125599.jpg,1
196062.jpg,0
033080.jpg,1
029399.jpg,1
137277.jpg,0
166173.jpg,1
089527.jpg,1
075344.jpg,1
140954.jpg,0
181458.jpg,0
200167.jpg,0
029337.jpg,1
017559.jpg,0
177061.jpg,0
086997.jpg,0
193643.jpg,1
195824.jpg,0
007145.jpg,1
036669.jpg,0
010242.jpg,1
183924.jpg,1
085023.jpg,1
202566.jpg,1
017502.jpg,1
075012.jpg,1
175789.jpg,1
106253.jpg,0
067932.jpg,0
085754.jpg,1
027166.jpg,0
115931.jpg,0
153607.jpg,0
095487.jpg,0
099777.jpg,0
142089.jpg,1
048139.jpg,1
005334.jpg,0
064946.jpg,1
044592.jpg,0
061365.jpg,0
198647.jpg,0
193098.jpg,0
163221.jpg,1
182809.jpg,0
197154.jpg,0
120390.jpg,0
010825.jpg,0
135289.jpg,0
138881.jpg,0
052853.jpg,0
178556.jpg,0
175301.jpg,0
142246.jpg,0
112747.jpg,0
097608.jpg,0
113930.jpg,0
090249.jpg,1
191542.jpg,1
174284.jpg,0
191331.jpg,0
011548.jpg,1
120971.jpg,0
137329.jpg,1
135232.jpg,0
029814.jpg,1
133710.jpg,0
136813.jpg,0
123407.jpg,0
146804.jpg,0
110387.jpg,1
021722.jpg,1
014157.jpg,0
007505.jpg,0
147778.jpg,0
133426.jpg,0
083406.jpg,0
138534.jpg,0
103439.jpg,1
008067.jpg,1
168180.jpg,0
092026.jpg,0
051361.jpg,0
076604.jpg,0
058760.jpg,0
140844.jpg,0
109947.jpg,0
130853.jpg,0
108869.jpg,0
181969.jpg,1
026041.jpg,0
088410.jpg,1
126613.jpg,0
091005.jpg,0
081459.jpg,1
031273.jpg,0
062085.jpg,0
008304.jpg,1
114117.jpg,1
093565.jpg,1
116201.jpg,0
055187.jpg,0
048272.jpg,0
025321.jpg,1
193685.jpg,0
077818.jpg,1
039656.jpg,1
168599.jpg,1
153777.jpg,1
089219.jpg,0
194863.jpg,1
144313.jpg,1
165813.jpg,1
114191.jpg,0
086468.jpg,1
188063.jpg,1
196073.jpg,1
059328.jpg,0
108121.jpg,0
198621.jpg,0
137836.jpg,1
108181.jpg,1
103730.jpg,1
198519.jpg,0
021502.jpg,1
028894.jpg,1
110502.jpg,1
091826.jpg,0
082221.jpg,1
060565.jpg,1
092064.jpg,0
154239.jpg,0
003940.jpg,1
138212.jpg,1
191852.jpg,0
049156.jpg,1
014827.jpg,1
165155.jpg,0
165166.jpg,1
139132.jpg,1
116488.jpg,0
047763.jpg,1
081058.jpg,1
082782.jpg,0
025988.jpg,1
053736.jpg,0
181026.jpg,0
018412.jpg,1
115657.jpg,1
027891.jpg,1
117513.jpg,1
109047.jpg,1
129722.jpg,0
164590.jpg,0
108276.jpg,0
049952.jpg,1
015696.jpg,0
133480.jpg,0
052992.jpg,0
162243.jpg,0
193008.jpg,1
021192.jpg,0
035840.jpg,1
173287.jpg,1
102878.jpg,0
118900.jpg,0
128911.jpg,0
181811.jpg,0
163506.jpg,1
092793.jpg,0
062309.jpg,1
171521.jpg,1
165292.jpg,1
143246.jpg,0
174831.jpg,1
082996.jpg,1
129002.jpg,0
157629.jpg,0
030546.jpg,0
185457.jpg,1
144602.jpg,1
130656.jpg,0
022523.jpg,1
186619.jpg,1
141825.jpg,0
191917.jpg,1
011108.jpg,0
139406.jpg,1
157753.jpg,1
152705.jpg,0
183966.jpg,1
044940.jpg,0
193808.jpg,0
146917.jpg,1
044629.jpg,0
200934.jpg,1
025875.jpg,1
200812.jpg,0
138134.jpg,1
011127.jpg,0
060808.jpg,1
082016.jpg,0
078004.jpg,1
184867.jpg,0
021508.jpg,1
089826.jpg,0
034676.jpg,0
016217.jpg,1
165464.jpg,1
195763.jpg,1
002197.jpg,0
043299.jpg,1
084478.jpg,1
193726.jpg,0
140570.jpg,1
142020.jpg,0
130792.jpg,0
012066.jpg,1
089211.jpg,1
192347.jpg,0
045698.jpg,0
125826.jpg,1
120022.jpg,1
148289.jpg,0
190810.jpg,0
003461.jpg,1
051384.jpg,0
058545.jpg,0
072813.jpg,1
182644.jpg,1
137648.jpg,0
176960.jpg,1
123819.jpg,0
168042.jpg,0
188800.jpg,0
145202.jpg,0
106797.jpg,1
148048.jpg,1
095987.jpg,1
031738.jpg,1
087675.jpg,0
055066.jpg,0
186392.jpg,0
020411.jpg,1
002150.jpg,1
051005.jpg,1
129651.jpg,1
161481.jpg,0
032274.jpg,0
002653.jpg,0
000716.jpg,0
109576.jpg,0
162922.jpg,0
199352.jpg,0
043352.jpg,0
026473.jpg,0
050751.jpg,0
173588.jpg,0
178382.jpg,1
159904.jpg,0
160275.jpg,0
196405.jpg,1
022589.jpg,1
080858.jpg,0
130671.jpg,1
189037.jpg,1
037429.jpg,1
167825.jpg,1
117853.jpg,1
073746.jpg,1
078375.jpg,0
101062.jpg,1
103816.jpg,1
109883.jpg,0
191756.jpg,1
191870.jpg,1
171498.jpg,1
058252.jpg,0
143093.jpg,1
188720.jpg,0
151802.jpg,0
162396.jpg,1
092234.jpg,0
078623.jpg,0
161393.jpg,0
116559.jpg,1
128899.jpg,0
109701.jpg,1
039836.jpg,0
011316.jpg,1
144002.jpg,1
014701.jpg,0
057892.jpg,0
053538.jpg,0
076671.jpg,1
067296.jpg,1
045545.jpg,0
189730.jpg,0
141043.jpg,0
033200.jpg,0
014908.jpg,0
128360.jpg,0
035059.jpg,0
105964.jpg,1
004886.jpg,1
103410.jpg,0
030797.jpg,0
039238.jpg,1
067378.jpg,0
171300.jpg,0
084208.jpg,0
088492.jpg,0
149637.jpg,0
115683.jpg,1
141741.jpg,0
063752.jpg,1
102625.jpg,1
138473.jpg,0
137515.jpg,0
141990.jpg,0
021690.jpg,1
190641.jpg,0
003516.jpg,1
117667.jpg,1
128252.jpg,1
063070.jpg,1
093636.jpg,0
159493.jpg,1
151284.jpg,1
198403.jpg,0
060775.jpg,0
015606.jpg,1
102038.jpg,0
168318.jpg,0
187232.jpg,1
103262.jpg,1
142807.jpg,1
044276.jpg,1
132047.jpg,0
071654.jpg,0
025342.jpg,0
076258.jpg,0
181717.jpg,0
170624.jpg,0
093015.jpg,0
096423.jpg,0
123089.jpg,0
007498.jpg,1
028684.jpg,0
179307.jpg,0
136326.jpg,1
051223.jpg,0
167195.jpg,1
077322.jpg,1
057476.jpg,0
059472.jpg,0
069983.jpg,1
057750.jpg,1
179270.jpg,1
183816.jpg,1
093294.jpg,1
071879.jpg,1
052405.jpg,0
067457.jpg,0
121163.jpg,0
190028.jpg,0
153888.jpg,1
123661.jpg,0
075102.jpg,0
078842.jpg,0
094850.jpg,0
135725.jpg,1
052328.jpg,1
037733.jpg,0
197502.jpg,0
004109.jpg,1
114598.jpg,0
071905.jpg,0
022370.jpg,0
049030.jpg,0
014925.jpg,0
125403.jpg,0
024916.jpg,0
011543.jpg,1
071575.jpg,0
100023.jpg,0
068067.jpg,0
123693.jpg,0
178562.jpg,0
139732.jpg,1
029328.jpg,1
088085.jpg,1
183846.jpg,1
186907.jpg,0
183121.jpg,1
035690.jpg,1
155345.jpg,0
173754.jpg,0
128229.jpg,1
194199.jpg,0
167791.jpg,1
040480.jpg,0
105950.jpg,0
003959.jpg,1
111881.jpg,0
148116.jpg,0
163281.jpg,0
184197.jpg,1
002223.jpg,1
008126.jpg,1
166076.jpg,0
073796.jpg,0
146143.jpg,0
062729.jpg,1
019522.jpg,1
041717.jpg,1
165532.jpg,0
147424.jpg,0
141089.jpg,0
010852.jpg,1
152467.jpg,1
032881.jpg,0
002443.jpg,0
013037.jpg,1
007106.jpg,1
143951.jpg,0
087212.jpg,1
024703.jpg,0
034317.jpg,1
147037.jpg,1
044721.jpg,1
142142.jpg,0
026851.jpg,1
025731.jpg,1
033857.jpg,0
024094.jpg,1
124919.jpg,1
118181.jpg,1
139378.jpg,0
008639.jpg,1
069461.jpg,1
180139.jpg,1
025345.jpg,0
053801.jpg,1
139758.jpg,0
111052.jpg,1
125675.jpg,0
147046.jpg,0
136584.jpg,0
050291.jpg,0
019117.jpg,0
099422.jpg,0
056523.jpg,1
106722.jpg,1
066514.jpg,0
005363.jpg,1
179893.jpg,0
042911.jpg,0
157187.jpg,1
047575.jpg,1
119734.jpg,0
137345.jpg,0
088866.jpg,0
191276.jpg,0
073214.jpg,0
040272.jpg,0
164208.jpg,1
046040.jpg,0
079924.jpg,0
163609.jpg,0
115403.jpg,1
025693.jpg,1
098124.jpg,0
191136.jpg,0
064362.jpg,1
056540.jpg,0
024276.jpg,1
026818.jpg,0
117827.jpg,0
152279.jpg,0
143646.jpg,0
045585.jpg,1
025504.jpg,1
059282.jpg,0
201135.jpg,1
172555.jpg,0
163596.jpg,0
179597.jpg,1
188149.jpg,0
176659.jpg,0
089371.jpg,0
115497.jpg,1
179288.jpg,1
076187.jpg,0
082696.jpg,0
158162.jpg,0
150648.jpg,1
174628.jpg,0
074489.jpg,1
049873.jpg,1
041731.jpg,0
014846.jpg,0
053567.jpg,0
076733.jpg,0
170988.jpg,0
186596.jpg,1
027119.jpg,0
078308.jpg,0
016092.jpg,0
046420.jpg,0
185366.jpg,1
062128.jpg,1
114479.jpg,0
144384.jpg,0
180077.jpg,1
175358.jpg,1
108233.jpg,1
058924.jpg,1
036842.jpg,0
141716.jpg,0
185820.jpg,0
008343.jpg,0
163425.jpg,1
172481.jpg,1
004460.jpg,1
187802.jpg,0
202276.jpg,1
182294.jpg,0
024628.jpg,0
037295.jpg,0
024310.jpg,0
047758.jpg,0
131144.jpg,1
161770.jpg,1
061021.jpg,1
035593.jpg,1
060912.jpg,0
098793.jpg,0
183170.jpg,0
108094.jpg,1
150366.jpg,0
099311.jpg,0
022466.jpg,0
093002.jpg,0
163947.jpg,1
088176.jpg,0
191121.jpg,1
106361.jpg,1
196873.jpg,0
040599.jpg,0
118379.jpg,1
088366.jpg,0
130747.jpg,0
137725.jpg,1
067344.jpg,0
013392.jpg,1
127653.jpg,0
092043.jpg,0
002256.jpg,0
121161.jpg,0
085840.jpg,0
070811.jpg,1
119135.jpg,1
088792.jpg,0
088084.jpg,0
068830.jpg,0
168654.jpg,0
091976.jpg,0
129275.jpg,0
192311.jpg,0
148357.jpg,0
047418.jpg,0
201336.jpg,0
139722.jpg,1
199628.jpg,0
141894.jpg,1
024645.jpg,0
028131.jpg,1
021162.jpg,0
088548.jpg,0
000444.jpg,1
084555.jpg,0
135872.jpg,1
002415.jpg,1
138886.jpg,0
060587.jpg,0
001140.jpg,1
200585.jpg,1
040585.jpg,0
016605.jpg,0
183280.jpg,1
185807.jpg,0
179507.jpg,1
143474.jpg,1
012298.jpg,1
167650.jpg,0
046162.jpg,1
132175.jpg,1
148534.jpg,0
133341.jpg,0
094141.jpg,1
112774.jpg,0
047947.jpg,0
067844.jpg,0
090878.jpg,0
019271.jpg,1
004663.jpg,0
092252.jpg,1
176477.jpg,1
038438.jpg,1
001983.jpg,1
112818.jpg,0
178033.jpg,0
150981.jpg,0
043233.jpg,0
025995.jpg,0
193541.jpg,0
093805.jpg,0
138907.jpg,1
167728.jpg,0
191805.jpg,0
180679.jpg,1
127878.jpg,0
199339.jpg,1
094274.jpg,1
157124.jpg,0
155844.jpg,1
007111.jpg,1
134671.jpg,0
080458.jpg,1
083880.jpg,0
120877.jpg,1
104113.jpg,0
133043.jpg,0
045337.jpg,0
083003.jpg,1
029701.jpg,0
089838.jpg,0
023695.jpg,0
193989.jpg,1
077265.jpg,0
161518.jpg,1
069614.jpg,1
183536.jpg,1
159424.jpg,0
034254.jpg,0
112327.jpg,0
120642.jpg,0
007335.jpg,1
096167.jpg,1
189581.jpg,1
063115.jpg,0
144904.jpg,0
043504.jpg,0
099278.jpg,0
002592.jpg,0
095985.jpg,0
070211.jpg,1
163698.jpg,1
014275.jpg,0
054578.jpg,0
023668.jpg,0
018102.jpg,1
072090.jpg,1
038447.jpg,0
201885.jpg,0
072529.jpg,0
084910.jpg,1
022672.jpg,0
137231.jpg,1
191125.jpg,1
192089.jpg,1
074915.jpg,0
162465.jpg,0
159994.jpg,1
182339.jpg,0
132807.jpg,1
093870.jpg,1
150328.jpg,0
094145.jpg,0
088095.jpg,0
048567.jpg,0
063747.jpg,1
025333.jpg,1
040334.jpg,1
039600.jpg,0
173962.jpg,0
075204.jpg,1
008283.jpg,0
056220.jpg,0
194438.jpg,0
176670.jpg,0
054564.jpg,1
111104.jpg,1
045994.jpg,0
080002.jpg,0
179727.jpg,1
171819.jpg,0
130878.jpg,1
050526.jpg,1
081847.jpg,0
142563.jpg,0
139925.jpg,1
189938.jpg,1
179927.jpg,0
159883.jpg,1
011262.jpg,0
042425.jpg,0
060965.jpg,1
113228.jpg,1
141916.jpg,0
076626.jpg,1
160701.jpg,0
104802.jpg,0
104115.jpg,0
039991.jpg,0
185963.jpg,0
103464.jpg,0
181167.jpg,0
009376.jpg,0
036247.jpg,0
023838.jpg,0
063956.jpg,1
124824.jpg,1
000572.jpg,1
078164.jpg,0
044998.jpg,0
054447.jpg,0
148295.jpg,1
075203.jpg,1
153178.jpg,0
119567.jpg,0
069223.jpg,1
028097.jpg,0
165586.jpg,0
054324.jpg,0
060110.jpg,0
005089.jpg,0
135446.jpg,1
061153.jpg,0
015907.jpg,0
184074.jpg,0
008294.jpg,0
079408.jpg,0
064586.jpg,0
198957.jpg,0
179568.jpg,0
196292.jpg,0
180586.jpg,0
098258.jpg,0
125753.jpg,1
138768.jpg,1
038477.jpg,0
128433.jpg,1
071847.jpg,1
003354.jpg,0
113614.jpg,0
093666.jpg,0
124559.jpg,1
038917.jpg,0
037369.jpg,1
146962.jpg,1
048113.jpg,0
178873.jpg,1
194312.jpg,1
105863.jpg,0
037682.jpg,0
183457.jpg,0
094746.jpg,0
166900.jpg,0
133479.jpg,0
095034.jpg,0
099639.jpg,0
153278.jpg,0
068770.jpg,0
067695.jpg,1
174684.jpg,0
079821.jpg,0
037361.jpg,0
119940.jpg,0
195892.jpg,0
085507.jpg,0
150717.jpg,1
029926.jpg,0
067292.jpg,0
175704.jpg,0
030938.jpg,0
181140.jpg,1
157437.jpg,0
094784.jpg,1
115269.jpg,0
175370.jpg,0
045840.jpg,0
174943.jpg,0
021537.jpg,1
106912.jpg,0
084259.jpg,0
192893.jpg,0
073457.jpg,0
030263.jpg,0
023957.jpg,0
120908.jpg,0
103560.jpg,0
135665.jpg,0
057340.jpg,1
187350.jpg,1
080575.jpg,0
086797.jpg,0
158747.jpg,0
155770.jpg,0
177977.jpg,1
119478.jpg,0
196432.jpg,0
161635.jpg,1
100403.jpg,1
038459.jpg,0
071861.jpg,0
191808.jpg,0
040729.jpg,0
163997.jpg,1
054503.jpg,0
098337.jpg,1
104570.jpg,0
148560.jpg,1
034244.jpg,1
074705.jpg,0
174330.jpg,1
178115.jpg,0
032164.jpg,1
130866.jpg,0
139835.jpg,0
009781.jpg,0
188106.jpg,0
052153.jpg,0
183738.jpg,0
132136.jpg,1
021185.jpg,1
151714.jpg,0
095456.jpg,0
025136.jpg,1
119568.jpg,1
029005.jpg,0
026811.jpg,1
068990.jpg,0
143103.jpg,1
108059.jpg,0
175736.jpg,0
158677.jpg,0
035407.jpg,0
180458.jpg,1
154606.jpg,1
178614.jpg,0
139283.jpg,0
067272.jpg,0
144670.jpg,0
074668.jpg,0
125534.jpg,0
119273.jpg,0
070089.jpg,0
046748.jpg,0
019814.jpg,1
091843.jpg,0
022706.jpg,1
098831.jpg,1
107306.jpg,1
061502.jpg,1
145180.jpg,0
157191.jpg,1
118034.jpg,1
119686.jpg,1
029954.jpg,1
072659.jpg,1
044254.jpg,1
070212.jpg,1
113993.jpg,0
000608.jpg,1
141649.jpg,1
022666.jpg,0
152177.jpg,0
117410.jpg,0
015979.jpg,1
192358.jpg,0
010561.jpg,0
040447.jpg,0
032748.jpg,0
011300.jpg,0
136483.jpg,0
109805.jpg,1
028000.jpg,0
085786.jpg,0
080568.jpg,0
191444.jpg,1
148339.jpg,1
058125.jpg,0
036840.jpg,1
060648.jpg,0
055159.jpg,1
017966.jpg,1
123514.jpg,1
112807.jpg,0
101084.jpg,1
095474.jpg,0
030655.jpg,0
057704.jpg,0
118538.jpg,0
025703.jpg,0
152825.jpg,1
143192.jpg,0
133181.jpg,1
023997.jpg,0
185568.jpg,0
164726.jpg,0
043946.jpg,0
053957.jpg,1
054085.jpg,0
018648.jpg,1
167312.jpg,1
127172.jpg,1
189124.jpg,0
183145.jpg,1
056933.jpg,0
091710.jpg,0
064245.jpg,0
020656.jpg,1
049073.jpg,0
025775.jpg,1
024408.jpg,0
063683.jpg,1
038030.jpg,1
144965.jpg,0
185143.jpg,0
022871.jpg,0
174526.jpg,1
101177.jpg,0
038311.jpg,0
119587.jpg,1
177248.jpg,0
194979.jpg,1
052656.jpg,0
164947.jpg,0
088631.jpg,1
015112.jpg,1
146067.jpg,1
029806.jpg,0
062972.jpg,0
058588.jpg,0
064613.jpg,1
134747.jpg,0
046271.jpg,0
027470.jpg,1
175262.jpg,1
074199.jpg,0
121561.jpg,0
127488.jpg,0
016504.jpg,0
085555.jpg,0
181631.jpg,0
075514.jpg,1
179226.jpg,1
149801.jpg,1
122501.jpg,0
011916.jpg,0
028014.jpg,0
129195.jpg,1
163435.jpg,0
119561.jpg,1
066872.jpg,0
152466.jpg,1
028876.jpg,0
193107.jpg,1
185500.jpg,0
132444.jpg,0
046788.jpg,1
095962.jpg,0
128411.jpg,0
091642.jpg,1
176130.jpg,0
093280.jpg,1
038684.jpg,0
051742.jpg,1
091853.jpg,0
061556.jpg,1
135052.jpg,1
